bisonID,basisOfRecord,catalogNumber,collectorNumber,recordedBy,providerID,institutionCode,resourceID,ownerInstitutionCollectionCode,eventDate,year,verbatimEventDate,providedScientificName,scientificName,ITISscientificName,providedCommonName,ITIScommonName,ITIStsn,validAcceptedITIStsn,providedTSN,decimalLatitude,decimalLongitude,geodeticDatum,coordinatePrecision,coordinateUncertaintyInMeters,verbatimElevation,verbatimDepth,centroid,higherGeographyID,computedCountyFips,providedCounty,calculatedCounty,providedState,calculatedState,mrgid,calculated_waterbody,establishmentMeans,countryCode,institutionID,collectionID,relatedResourceID,associatedMedia,associatedReferences,generalComments,license
68995437,specimen,53221,,"Brodo, Irwin",109,Michigan State University Herbarium,"109,202,642",Michigan State University Herbarium Lichens,1961-07-02T01:00Z,1961,,Cladonia caespiticia (Pers.) Flörke,Cladonia caespiticia,Cladonia caespiticia,,NULL,189862,189862,,40.72968674,-73.58938599,,,,,,county,,36059,Nassau,Nassau County,New York,New York,,,,US,http://herbarium.msu.edu,http://www.herbarium.msu.edu/lichen.html,,,,,CC0_1_0
69090428,specimen,23901,,R. Hagelstein,5,University of Arkansas,"51,515",Planetary Biodiversity Inventory Eumycetozoan Databank,1935-07-03T01:00Z,1935,,"Didymium iridis (Ditmar) Fr., 1829",Didymium iridis,Didymium iridis,,NULL,181283,181283,,40.79499817,-73.55667114,,,,,,,,36059,Nassau,Nassau County,Ny,New York,,,,US,http://slimemold.uark.edu/,,,,,,CC_BY_4_0
69090517,specimen,834149,,Hagelstein,5,University of Arkansas,"51,515",Planetary Biodiversity Inventory Eumycetozoan Databank,1923-09-16T01:00Z,1923,,"Lycogala epidendrum (L.) Fr., 1829",Lycogala epidendrum,Lycogala epidendrum,,NULL,181340,181340,,40.88700104,-73.55509949,,,,,,,,36059,Nassau,Nassau County,New York,New York,,,,US,http://slimemold.uark.edu/,,,,,,CC_BY_4_0
69092145,specimen,834146,,Hagelstein,5,University of Arkansas,"51,515",Planetary Biodiversity Inventory Eumycetozoan Databank,1923-09-20T01:00Z,1923,,"Lycogala epidendrum (L.) Fr., 1829",Lycogala epidendrum,Lycogala epidendrum,,NULL,181340,181340,,40.88700104,-73.55509949,,,,,,,,36059,Nassau,Nassau County,New York,New York,,,,US,http://slimemold.uark.edu/,,,,,,CC_BY_4_0
69086924,specimen,817663,,"Hagelstein, R. L.",5,University of Arkansas,"51,515",Planetary Biodiversity Inventory Eumycetozoan Databank,1923-10-14T01:00Z,1923,,"Didymium squamulosum (Alb. & Schwein.) Fr. & Palmquist, 1818",Didymium squamulosum,Didymium squamulosum,,NULL,181285,181285,,40.80070114,-73.72850037,,,,,,,,36059,Long Island,Nassau County,New York,New York,,,,US,http://slimemold.uark.edu/,,,,,,CC_BY_4_0
69087968,specimen,831047,,,5,University of Arkansas,"51,515",Planetary Biodiversity Inventory Eumycetozoan Databank,1924-06-23T01:00Z,1924,,"Arcyria cinerea (Bull.) Pers., 1801",Arcyria cinerea,Arcyria cinerea,,NULL,181367,181367,,40.77330017,-73.64360046,,,,,,,,36059,Nassau,Nassau County,New York,New York,,,,US,http://slimemold.uark.edu/,,,,,,CC_BY_4_0
69087987,specimen,805801,,Hagelstein,5,University of Arkansas,"51,515",Planetary Biodiversity Inventory Eumycetozoan Databank,1924-07-17T01:00Z,1924,,"Arcyria cinerea (Bull.) Pers., 1801",Arcyria cinerea,Arcyria cinerea,,NULL,181367,181367,,40.77299881,-73.64399719,,,,,,,,36059,Nassau,Nassau County,New York,New York,,,,US,http://slimemold.uark.edu/,,,,,,CC_BY_4_0
69088082,specimen,836432,,"Hagelstein, R. L.",5,University of Arkansas,"51,515",Planetary Biodiversity Inventory Eumycetozoan Databank,1924-07-01T01:00Z,1924,,"Trichia favoginea (Batsch) Pers., 1794",Trichia favoginea,Trichia favoginea,,NULL,181362,181362,,40.77299881,-73.64399719,,,,,,,,36059,Nassau,Nassau County,New York,New York,,,,US,http://slimemold.uark.edu/,,,,,,CC_BY_4_0
69088083,specimen,836258,,"Hagelstein, R. L.",5,University of Arkansas,"51,515",Planetary Biodiversity Inventory Eumycetozoan Databank,1923-11-04T01:00Z,1923,,"Trichia favoginea (Batsch) Pers., 1794",Trichia favoginea,Trichia favoginea,,NULL,181362,181362,,40.77299881,-73.64399719,,,,,,,,36059,Nassau,Nassau County,New York,New York,,,,US,http://slimemold.uark.edu/,,,,,,CC_BY_4_0
69088084,specimen,836262,,"Hagelstein, R. L.;Rispaud, J. H.",5,University of Arkansas,"51,515",Planetary Biodiversity Inventory Eumycetozoan Databank,1944-07-10T02:00Z,1944,,"Trichia favoginea (Batsch) Pers., 1794",Trichia favoginea,Trichia favoginea,,NULL,181362,181362,,40.77299881,-73.64399719,,,,,,,,36059,Nassau,Nassau County,New York,New York,,,,US,http://slimemold.uark.edu/,,,,,,CC_BY_4_0
69088102,specimen,816231,,"Hagelstein, R. L.",5,University of Arkansas,"51,515",Planetary Biodiversity Inventory Eumycetozoan Databank,1932-06-25T01:00Z,1932,,"Didymium iridis (Ditmar) Fr., 1829",Didymium iridis,Didymium iridis,,NULL,181283,181283,,40.77330017,-73.64360046,,,,,,,,36059,Nassau,Nassau County,New York,New York,,,,US,http://slimemold.uark.edu/,,,,,,CC_BY_4_0
69088121,specimen,23812,,R. Hagelstein,5,University of Arkansas,"51,515",Planetary Biodiversity Inventory Eumycetozoan Databank,1930-08-20T01:00Z,1930,,"Badhamia affinis Rostaf., 1874",Badhamia affinis,Badhamia affinis,,NULL,181245,181245,,40.73266983,-73.64266968,,,,,,,,36059,Nassau,Nassau County,Ny,New York,,,,US,http://slimemold.uark.edu/,,,,,,CC_BY_4_0
69089648,specimen,816287,,"Hagelstein, R. L.",5,University of Arkansas,"51,515",Planetary Biodiversity Inventory Eumycetozoan Databank,1923-09-30T01:00Z,1923,,"Didymium iridis (Ditmar) Fr., 1829",Didymium iridis,Didymium iridis,,NULL,181283,181283,,40.88700104,-73.55509949,,,,,,,,36059,New York,Nassau County,New York,New York,,,,US,http://slimemold.uark.edu/,,,,,,CC_BY_4_0
65258917,specimen,804169,,"Hagelstein, R. L.",5,University of Arkansas,"51,515",Planetary Biodiversity Inventory Eumycetozoan Databank,1933-07-31T01:00Z,1933,,"Physarum bivalve Pers., 1795",Physarum bivalve,Physarum bivalve,,NULL,181261,181261,,40.77330017,-73.64360046,,,,,,,,36059,,Nassau County,New York,New York,,,,US,http://slimemold.uark.edu/,,,,,,CC_BY_4_0
64897603,specimen,811671,,"Hagelstein, R. L. & Rispaud",5,University of Arkansas,"51,515",Planetary Biodiversity Inventory Eumycetozoan Databank,1928-07-30T01:00Z,1928,,"Fuligo septica (L.) J.F.Gmel., 1792",Fuligo septica,Fuligo septica,,NULL,181257,181257,,40.5945015,-73.50289917,,,,,,,,36059,,Nassau County,New York,New York,,,,US,http://slimemold.uark.edu/,,,,,,CC_BY_4_0
63530178,specimen,814182,,"hagelstein, R. L.; Rispaud",5,University of Arkansas,"51,515",Planetary Biodiversity Inventory Eumycetozoan Databank,1933-09-07T01:00Z,1933,,"Diderma hemisphaericum (Bull.) Hornem., 1829",Diderma hemisphaericum,Diderma hemisphaericum,,NULL,181280,181280,,40.7492981,-73.64070129,,,,,,,,36059,,Nassau County,New York,New York,,,,US,http://slimemold.uark.edu/,,,,,,CC_BY_4_0
88038299,specimen,40441,,R. Hagelstein,5,University of Arkansas,"51,515",Planetary Biodiversity Inventory Eumycetozoan Databank,1937-07-19T01:00Z,1937,,"Ceratiomyxa fruticulosa (O.F.Müll.) T.Macbr., 1899",Ceratiomyxa fruticulosa,Ceratiomyxa fruticulosa,,NULL,181384,181384,,40.77500153,-73.6428299,,,,,,,,36059,Nassau,Nassau County,Ny,New York,,,,US,http://slimemold.uark.edu/,,,,,,CC_BY_4_0
88039752,specimen,DEF11965,,R. Hagelstein?,5,University of Arkansas,"51,515",Planetary Biodiversity Inventory Eumycetozoan Databank,1936-04-10T01:00Z,1936,,"Brefeldia maxima (Fr.) Rostaf., 1873",Brefeldia maxima,Brefeldia maxima,,NULL,181309,181309,,40.75,-73.5,,,,,,,,36059,,Nassau County,New York,New York,,,,US,http://slimemold.uark.edu/,,,,,,CC_BY_4_0
330268715,specimen,811750,,"Hagelstein, R. L.",5,University of Arkansas,"51,515",Planetary Biodiversity Inventory Eumycetozoan Databank,1927-09-18T01:00Z,1927,,"Fuligo septica (L.) J.F.Gmel., 1792",Fuligo septica,Fuligo septica,,NULL,181257,181257,,40.80070114,-73.72850037,,,,,,,,36059,,Nassau County,New York,New York,,,,US,http://slimemold.uark.edu/,,,,,,CC_BY_4_0
330268781,specimen,811754,,"Hagelstein, R. L.",5,University of Arkansas,"51,515",Planetary Biodiversity Inventory Eumycetozoan Databank,1924-07-26T01:00Z,1924,,"Fuligo septica (L.) J.F.Gmel., 1792",Fuligo septica,Fuligo septica,,NULL,181257,181257,,40.80070114,-73.72850037,,,,,,,,36059,,Nassau County,New York,New York,,,,US,http://slimemold.uark.edu/,,,,,,CC_BY_4_0
330273876,specimen,809564,,"Hagelstein, R. L.",5,University of Arkansas,"51,515",Planetary Biodiversity Inventory Eumycetozoan Databank,1927-08-13T01:00Z,1927,,"Physarum polycephalum Schwein., 1822",Physarum polycephalum,Physarum polycephalum,,NULL,181260,181260,,40.80070114,-73.72850037,,,,,,,,36059,,Nassau County,New York,New York,,,,US,http://slimemold.uark.edu/,,,,,,CC_BY_4_0
330273877,specimen,814166,,"Hagelstein, R. L.",5,University of Arkansas,"51,515",Planetary Biodiversity Inventory Eumycetozoan Databank,1926-08-29T01:00Z,1926,,"Diderma hemisphaericum (Bull.) Hornem., 1829",Diderma hemisphaericum,Diderma hemisphaericum,,NULL,181280,181280,,40.80070114,-73.72850037,,,,,,,,36059,,Nassau County,New York,New York,,,,US,http://slimemold.uark.edu/,,,,,,CC_BY_4_0
330273878,specimen,809567,,"Hagelstein, R. L.",5,University of Arkansas,"51,515",Planetary Biodiversity Inventory Eumycetozoan Databank,1924-07-19T01:00Z,1924,,"Physarum polycephalum Schwein., 1822",Physarum polycephalum,Physarum polycephalum,,NULL,181260,181260,,40.80070114,-73.72850037,,,,,,,,36059,,Nassau County,New York,New York,,,,US,http://slimemold.uark.edu/,,,,,,CC_BY_4_0
330273884,specimen,825581,,"Hagelstein, R.",5,University of Arkansas,"51,515",Planetary Biodiversity Inventory Eumycetozoan Databank,1924-10-12T01:00Z,1924,,"Brefeldia maxima (Fr.) Rostaf., 1873",Brefeldia maxima,Brefeldia maxima,,NULL,181309,181309,,40.80070114,-73.72850037,,,,,,,,36059,,Nassau County,New York,New York,,,,US,http://slimemold.uark.edu/,,,,,,CC_BY_4_0
330273886,specimen,825608,,"Hagelstein, R. L.",5,University of Arkansas,"51,515",Planetary Biodiversity Inventory Eumycetozoan Databank,1924-10-12T01:00Z,1924,,"Brefeldia maxima (Fr.) Rostaf., 1873",Brefeldia maxima,Brefeldia maxima,,NULL,181309,181309,,40.80070114,-73.72850037,,,,,,,,36059,,Nassau County,New York,New York,,,,US,http://slimemold.uark.edu/,,,,,,CC_BY_4_0
330281794,specimen,827018,,Hagelstein,5,University of Arkansas,"51,515",Planetary Biodiversity Inventory Eumycetozoan Databank,1923-11-04T01:00Z,1923,,"Tubifera ferruginosa (Batsch) J.F.Gmel., 1792",Tubifera ferruginosa,Tubifera ferruginosa,,NULL,181344,181344,,40.77320099,-73.72599792,,,,,,,,36059,,Nassau County,New York,New York,,,,US,http://slimemold.uark.edu/,,,,,,CC_BY_4_0
330298806,specimen,20786,,R. Hagelstein,5,University of Arkansas,"51,515",Planetary Biodiversity Inventory Eumycetozoan Databank,,,,"Physarum polycephalum Schwein., 1822",Physarum polycephalum,Physarum polycephalum,,NULL,181260,181260,,40.8041687,-73.71800232,,,,,,,,36059,Nassau,Nassau County,Ny,New York,,,,US,http://slimemold.uark.edu/,,,,,,CC_BY_4_0
330318618,specimen,813877,,"Chabot, L. J.",5,University of Arkansas,"51,515",Planetary Biodiversity Inventory Eumycetozoan Databank,1949-06-29T01:00Z,1949,,"Diderma effusum (Schwein.) Morgan, 1894",Diderma effusum,Diderma effusum,,NULL,181279,181279,,40.85179901,-73.71869659,,,,,,,,36059,Long Island,Nassau County,New York,New York,,,,US,http://slimemold.uark.edu/,,,,,,CC_BY_4_0
330319882,specimen,40435,,R. Hagelstein,5,University of Arkansas,"51,515",Planetary Biodiversity Inventory Eumycetozoan Databank,,,,"Fuligo septica (L.) F.H.Wigg., 1780",Fuligo septica,Fuligo septica,,NULL,181257,181257,,40.8041687,-73.71800232,,,,,,,,36059,Nassau,Nassau County,Ny,New York,,,,US,http://slimemold.uark.edu/,,,,,,CC_BY_4_0
330324436,specimen,105969,,"Brodo, Irwin",109,Michigan State University Herbarium,"109,202,642",Michigan State University Herbarium Lichens,1962-07-11T01:00Z,1962,,Lepraria lobificans Nyl.,Lepraria lobificans,Lepraria lobificans,,NULL,192021,192021,,40.84999847,-73.71666718,,,,,,,,36059,Nassau,Nassau County,New York,New York,,,,US,http://herbarium.msu.edu,http://www.herbarium.msu.edu/lichen.html,,,,,CC0_1_0
330351750,specimen,834154,,"Ames, F. H.",5,University of Arkansas,"51,515",Planetary Biodiversity Inventory Eumycetozoan Databank,1914-10-24T01:00Z,1914,,"Lycogala epidendrum (L.) Fr., 1829",Lycogala epidendrum,Lycogala epidendrum,,NULL,181340,181340,,40.66400146,-73.70899963,,,,,,,,36059,Nassau,Nassau County,New York,New York,,,,US,http://slimemold.uark.edu/,,,,,,CC_BY_4_0
330351751,specimen,749708,,"Thom, C.",5,University of Arkansas,"51,515",Planetary Biodiversity Inventory Eumycetozoan Databank,1903-06-22T01:00Z,1903,,"Ceratiomyxa fruticulosa (O.F.Müll.) T.Macbr., 1899",Ceratiomyxa fruticulosa,Ceratiomyxa fruticulosa,,NULL,181384,181384,,40.66400146,-73.70899963,,,,,,,,36059,Tompkins,Nassau County,New York,New York,,,,US,http://slimemold.uark.edu/,,,,,,CC_BY_4_0
330379372,specimen,816850,,"Hagelstein, R. L.",5,University of Arkansas,"51,515",Planetary Biodiversity Inventory Eumycetozoan Databank,1937-07-17T01:00Z,1937,,"Didymium minus (Lister) Morgan, 1894",Didymium minus,Didymium minus,,NULL,181284,181284,,40.80680084,-73.70349884,,,,,,,,36059,New York,Nassau County,New York,New York,,,,US,http://slimemold.uark.edu/,,,,,,CC_BY_4_0
330425656,specimen,816291,,"Hagelstein, R. L.",5,University of Arkansas,"51,515",Planetary Biodiversity Inventory Eumycetozoan Databank,1923-10-14T01:00Z,1923,,"Didymium iridis (Ditmar) Fr., 1829",Didymium iridis,Didymium iridis,,NULL,181283,181283,,40.79790115,-73.69960022,,,,,,,,36059,New York,Nassau County,New York,New York,,,,US,http://slimemold.uark.edu/,,,,,,CC_BY_4_0
330425658,specimen,817659,,"Hagelstein, R. L.",5,University of Arkansas,"51,515",Planetary Biodiversity Inventory Eumycetozoan Databank,1923-10-14T01:00Z,1923,,"Didymium squamulosum (Alb. & Schwein.) Fr. & Palmquist, 1818",Didymium squamulosum,Didymium squamulosum,,NULL,181285,181285,,40.79790115,-73.69960022,,,,,,,,36059,Long Island,Nassau County,New York,New York,,,,US,http://slimemold.uark.edu/,,,,,,CC_BY_4_0
330646234,unknown,241811,,J. J. Raswates,201,Utah State University,"2,011,508",USU-UTC Specimen Database,1937-09-20T01:00Z,1937,,"Uromyces appendiculatus F. Strauss, 1833",Uromyces appendiculatus,Uromyces appendiculatus,,bean rust,192033,192033,,40.68000031,-73.66999817,,,,,,,,36059,Nassau,Nassau County,New York,New York,,,,US,http://herbarium.usu.edu/,,,,,,CC_BY_4_0
330696625,specimen,24066,,R. Hagelstein,5,University of Arkansas,"51,515",Planetary Biodiversity Inventory Eumycetozoan Databank,1937-07-07T01:00Z,1937,,"Physarum viride (Bull.) Pers., 1795",Physarum viride,Physarum viride,,NULL,181263,181263,,40.76499939,-73.66266632,,,,,,,,36059,Nassau,Nassau County,Ny,New York,,,,US,http://slimemold.uark.edu/,,,,,,CC_BY_4_0
330696681,specimen,20792,,R. Hagelstein,5,University of Arkansas,"51,515",Planetary Biodiversity Inventory Eumycetozoan Databank,,,,"Physarum bivalve Pers., 1795",Physarum bivalve,Physarum bivalve,,NULL,181261,181261,,40.76499939,-73.66266632,,,,,,,,36059,Nassau,Nassau County,Ny,New York,,,,US,http://slimemold.uark.edu/,,,,,,CC_BY_4_0
330705416,specimen,CMMF011962,NA,"Hagelstein, Robert; Rispaud, Joseph H.",375,Université de Montréal Biodiversity Centre,"375,202,599",Cercle des mycologues de Montréal Fungarium (CMMF),1930-11-10T01:00Z,1930,,"Lycogala epidendrum (L.) Fr., 1829",Lycogala epidendrum,Lycogala epidendrum,,NULL,181340,181340,,40.7713089,-73.65998077,,,1500,,,,,36059,,Nassau County,New York,New York,,,,US,http://www.biodiversite.umontreal.ca,http://www.irbv.umontreal.ca/fongarium-du-cercle-des-mycologues-de-montreal?lang=en,,,,,CC0_1_0
330705417,specimen,CMMF011796,7,"Hagelstein, Robert; Rispaud, Joseph H.",375,Université de Montréal Biodiversity Centre,"375,202,599",Cercle des mycologues de Montréal Fungarium (CMMF),1937-07-22T01:00Z,1937,,"Fuligo septica (L.) F.H.Wigg., 1780",Fuligo septica,Fuligo septica,,NULL,181257,181257,,40.7713089,-73.65998077,,,1500,,,,,36059,,Nassau County,New York,New York,,,,US,http://www.biodiversite.umontreal.ca,http://www.irbv.umontreal.ca/fongarium-du-cercle-des-mycologues-de-montreal?lang=en,,,,,CC0_1_0
331764604,specimen,23941,,R. Hagelstein,5,University of Arkansas,"51,515",Planetary Biodiversity Inventory Eumycetozoan Databank,,,,"Lamproderma columbinum (Pers.) Rostaf., 1873",Lamproderma columbinum,Lamproderma columbinum,,NULL,181316,181316,,40.79499817,-73.55667114,,,,,,,,36059,Nassau,Nassau County,Ny,New York,,,,US,http://slimemold.uark.edu/,,,,,,CC_BY_4_0
331768153,specimen,813881,,"Hagelstein, Rispaud",5,University of Arkansas,"51,515",Planetary Biodiversity Inventory Eumycetozoan Databank,1924-07-12T01:00Z,1924,,"Diderma effusum (Schwein.) Morgan, 1894",Diderma effusum,Diderma effusum,,NULL,181279,181279,,40.88700104,-73.55509949,,,,,,,,36059,Long Island,Nassau County,New York,New York,,,,US,http://slimemold.uark.edu/,,,,,,CC_BY_4_0
331768154,specimen,827012,,Hagelstein & Rispaud,5,University of Arkansas,"51,515",Planetary Biodiversity Inventory Eumycetozoan Databank,1935-08-01T01:00Z,1935,,"Tubifera ferruginosa (Batsch) J.F.Gmel., 1792",Tubifera ferruginosa,Tubifera ferruginosa,,NULL,181344,181344,,40.88700104,-73.55509949,,,,,,,,36059,,Nassau County,New York,New York,,,,US,http://slimemold.uark.edu/,,,,,,CC_BY_4_0
331768155,specimen,827748,,"Hagelstein, R. L.",5,University of Arkansas,"51,515",Planetary Biodiversity Inventory Eumycetozoan Databank,1923-09-30T01:00Z,1923,,"Dictydium cancellatum (Batsch) T.Macbr., 1899",Dictydium cancellatum,Dictydium cancellatum,,NULL,181351,181351,,40.88700104,-73.55509949,,,,,,,,36059,Nassau,Nassau County,New York,New York,,,,US,http://slimemold.uark.edu/,,,,,,CC_BY_4_0
331768156,specimen,749620,,"Hagelstein, R.",5,University of Arkansas,"51,515",Planetary Biodiversity Inventory Eumycetozoan Databank,1924-07-24T01:00Z,1924,,"Ceratiomyxa fruticulosa (O.F.Müll.) T.Macbr., 1899",Ceratiomyxa fruticulosa,Ceratiomyxa fruticulosa,,NULL,181384,181384,,40.88700104,-73.55509949,,,,,,,,36059,,Nassau County,New York,New York,,,,US,http://slimemold.uark.edu/,,,,,,CC_BY_4_0
332096570,specimen,824411,,Hagelstein,5,University of Arkansas,"51,515",Planetary Biodiversity Inventory Eumycetozoan Databank,1935-08-15T01:00Z,1935,,"Stemonitis fusca Roth, 1787",Stemonitis fusca,Stemonitis fusca,,NULL,181321,181321,,40.68370056,-73.51010132,,,,,,,,36059,New York,Nassau County,New York,New York,,,,US,http://slimemold.uark.edu/,,,,,,CC_BY_4_0
332101862,specimen,DEF11988,,R. Hagelstein?,5,University of Arkansas,"51,515",Planetary Biodiversity Inventory Eumycetozoan Databank,1941-09-07T02:00Z,1941,,"Physarum polycephalum Schwein., 1822",Physarum polycephalum,Physarum polycephalum,,NULL,181260,181260,,40.75,-73.5,,,,,,,,36059,,Nassau County,New York,New York,,,,US,http://slimemold.uark.edu/,,,,,,CC_BY_4_0
332126203,specimen,827871,,"Hagelstein, R. L.",5,University of Arkansas,"51,515",Planetary Biodiversity Inventory Eumycetozoan Databank,1931-09-01T01:00Z,1931,,"Dictydium cancellatum (Batsch) T.Macbr., 1899",Dictydium cancellatum,Dictydium cancellatum,,NULL,181351,181351,,40.5945015,-73.50289917,,,,,,,,36059,Nassau,Nassau County,New York,New York,,,,US,http://slimemold.uark.edu/,,,,,,CC_BY_4_0
332126204,specimen,817658,,"Hagelstein, R. L.",5,University of Arkansas,"51,515",Planetary Biodiversity Inventory Eumycetozoan Databank,1928-07-19T01:00Z,1928,,"Didymium squamulosum (Alb. & Schwein.) Fr. & Palmquist, 1818",Didymium squamulosum,Didymium squamulosum,,NULL,181285,181285,,40.5945015,-73.50289917,,,,,,,,36059,Long Island,Nassau County,New York,New York,,,,US,http://slimemold.uark.edu/,,,,,,CC_BY_4_0
332126206,specimen,824319,,"Hagelstein, R. L., Rispaud",5,University of Arkansas,"51,515",Planetary Biodiversity Inventory Eumycetozoan Databank,1931-07-05T01:00Z,1931,,"Stemonitis fusca Roth, 1787",Stemonitis fusca,Stemonitis fusca,,NULL,181321,181321,,40.5945015,-73.50289917,,,,,,,,36059,New York,Nassau County,New York,New York,,,,US,http://slimemold.uark.edu/,,,,,,CC_BY_4_0
332126207,specimen,825185,,Hagelstein,5,University of Arkansas,"51,515",Planetary Biodiversity Inventory Eumycetozoan Databank,1931-07-05T01:00Z,1931,,"Stemonitis splendens var. flaccida Lister, 1894",Stemonitis splendens flaccida,Symphytocarpus flaccidus,,NULL,181325,181324,,40.5945015,-73.50289917,,,,,,,,36059,,Nassau County,New York,New York,,,,US,http://slimemold.uark.edu/,,,,,,CC_BY_4_0
332126208,specimen,CMMF011926,1200,"Hagelstein, Robert; Rispaud, Joseph H.",375,Université de Montréal Biodiversity Centre,"375,202,599",Cercle des mycologues de Montréal Fungarium (CMMF),1928-07-09T01:00Z,1928,,"Cribraria minutissima Schwein., 1832",Cribraria minutissima,Cribraria minutissima,,NULL,181353,181353,,40.59455109,-73.50289917,,,10000,,,,,36059,,Nassau County,New York,New York,,,,US,http://www.biodiversite.umontreal.ca,http://www.irbv.umontreal.ca/fongarium-du-cercle-des-mycologues-de-montreal?lang=en,,,,,CC0_1_0
332135285,specimen,DEF11984,,R. Hagelstein?,5,University of Arkansas,"51,515",Planetary Biodiversity Inventory Eumycetozoan Databank,1937-07-22T01:00Z,1937,,"Tubifera ferruginosa (Batsch) J.F.Gmel., 1792",Tubifera ferruginosa,Tubifera ferruginosa,,NULL,181344,181344,,40.75,-73.5,,,,,,,,36059,,Nassau County,New York,New York,,,,US,http://slimemold.uark.edu/,,,,,,CC_BY_4_0
332135458,specimen,DEF11979,,R. Hagelstein?,5,University of Arkansas,"51,515",Planetary Biodiversity Inventory Eumycetozoan Databank,1933-08-19T01:00Z,1933,,"Mucilago crustacea F.H.Wigg., 1780",Mucilago crustacea,Mucilago crustacea,,NULL,181298,181298,,40.75,-73.5,,,,,,,,36059,,Nassau County,New York,New York,,,,US,http://slimemold.uark.edu/,,,,,,CC_BY_4_0
332143645,specimen,DEF12192,,,5,University of Arkansas,"51,515",Planetary Biodiversity Inventory Eumycetozoan Databank,1903-11-11T01:00Z,1903,,"Didymium squamulosum (Alb. & Schwein.) Fr. & Palmquist, 1818",Didymium squamulosum,Didymium squamulosum,,NULL,181285,181285,,40.75,-73.5,,,,,,,,36059,,Nassau County,New York,New York,,,,US,http://slimemold.uark.edu/,,,,,,CC_BY_4_0
332143677,specimen,DEF11443,,R. Hagelstein,5,University of Arkansas,"51,515",Planetary Biodiversity Inventory Eumycetozoan Databank,1936-07-19T01:00Z,1936,,"Didymium iridis (Ditmar) Fr., 1829",Didymium iridis,Didymium iridis,,NULL,181283,181283,,40.75,-73.5,,,,,,,,36059,,Nassau County,New York,New York,,,,US,http://slimemold.uark.edu/,,,,,,CC_BY_4_0
332255959,specimen,817424,,"Hagelstein, R. L.",5,University of Arkansas,"51,515",Planetary Biodiversity Inventory Eumycetozoan Databank,1926-07-11T01:00Z,1926,,"Didymium squamulosum (Alb. & Schwein.) Fr. & Palmquist, 1818",Didymium squamulosum,Didymium squamulosum,,NULL,181285,181285,,40.7765007,-73.46730042,,,,,,,,36059,,Nassau County,New York,New York,,,,US,http://slimemold.uark.edu/,,,,,,CC_BY_4_0
332285488,specimen,808778,,"Hagelstein, R. L.",5,University of Arkansas,"51,515",Planetary Biodiversity Inventory Eumycetozoan Databank,1925-08-10T01:00Z,1925,,"Physarum nutans Pers., 1795",Physarum nutans,Physarum nutans,,NULL,181262,181262,,40.79759979,-73.45649719,,,,,,,,36059,,Nassau County,New York,New York,,,,US,http://slimemold.uark.edu/,,,,,,CC_BY_4_0
331855062,specimen,813807,,Hagelstein & Rispaud,5,University of Arkansas,"51,515",Planetary Biodiversity Inventory Eumycetozoan Databank,1935-10-05T01:00Z,1935,,"Diderma effusum (Schwein.) Morgan, 1894",Diderma effusum,Diderma effusum,,NULL,181279,181279,,40.84680176,-73.53510284,,,,,,,,36059,New York,Nassau County,New York,New York,,,,US,http://slimemold.uark.edu/,,,,,,CC_BY_4_0
331873332,specimen,23803,,R. Hagelstein,5,University of Arkansas,"51,515",Planetary Biodiversity Inventory Eumycetozoan Databank,1934-10-14T01:00Z,1934,,"Badhamia gracilis (T.Macbr.) T.Macbr., 1934",Badhamia gracilis,Badhamia gracilis,,NULL,181244,181244,,40.84550095,-73.52916718,,,,,,,,36059,Nassau,Nassau County,Ny,New York,,,,US,http://slimemold.uark.edu/,,,,,,CC_BY_4_0
331876952,specimen,CMMF011836,NA,"Hagelstein, Robert; Rispaud, Joseph H.",375,Université de Montréal Biodiversity Centre,"375,202,599",Cercle des mycologues de Montréal Fungarium (CMMF),1935-10-05T01:00Z,1935,,"Diderma effusum (Schwein.) Morgan, 1894",Diderma effusum,Diderma effusum,,NULL,181279,181279,,40.84923172,-73.52757263,,,2000,,,,,36059,,Nassau County,New York,New York,,,,US,http://www.biodiversite.umontreal.ca,http://www.irbv.umontreal.ca/fongarium-du-cercle-des-mycologues-de-montreal?lang=en,,,,,CC0_1_0
331898991,unknown,247950,,M. C. Richards,201,Utah State University,"2,011,508",USU-UTC Specimen Database,1934-07-10T01:00Z,1934,,"Alternaria Nees ex Wallroth, 1816",Alternaria,Alternaria,,NULL,14134,14134,,40.65999985,-73.51999664,,,,,,,,36059,Nassau,Nassau County,New York,New York,,,,US,http://herbarium.usu.edu/,,,,,,CC_BY_4_0
330542417,specimen,824266,,,5,University of Arkansas,"51,515",Planetary Biodiversity Inventory Eumycetozoan Databank,1928-09-16T01:00Z,1928,,"Stemonitis fusca Roth, 1787",Stemonitis fusca,Stemonitis fusca,,NULL,181321,181321,,40.73509979,-73.68789673,,,,,,,,36059,New York,Nassau County,New York,New York,,,,US,http://slimemold.uark.edu/,,,,,,CC_BY_4_0
330803557,specimen,805516,,Hagelstein,5,University of Arkansas,"51,515",Planetary Biodiversity Inventory Eumycetozoan Databank,1936-01-01T01:00Z,1936,,"Diderma effusum (Schwein.) Morgan, 1894",Diderma effusum,Diderma effusum,,NULL,181279,181279,,40.74700165,-73.65200043,,,,,,,,36059,,Nassau County,New York,New York,,,,US,http://slimemold.uark.edu/,,,,,,CC_BY_4_0
330825825,specimen,815734,,Hagelstein; Rispaud,5,University of Arkansas,"51,515",Planetary Biodiversity Inventory Eumycetozoan Databank,1928-09-02T01:00Z,1928,,"Didymium clavus (Alb. & Schwein.) Rabenh., 1844",Didymium clavus,Didymium clavus,,NULL,181287,181287,,40.74700165,-73.65200043,,,,,,,,36059,,Nassau County,New York,New York,,,,US,http://slimemold.uark.edu/,,,,,,CC_BY_4_0
330825838,specimen,815302,,"Hagelstein, R.",5,University of Arkansas,"51,515",Planetary Biodiversity Inventory Eumycetozoan Databank,1925-07-19T01:00Z,1925,,"Diderma testaceum (Schrad.) Pers., 1801",Diderma testaceum,Diderma testaceum,,NULL,181281,181281,,40.74700165,-73.65200043,,,,,,,,36059,,Nassau County,New York,New York,,,,US,http://slimemold.uark.edu/,,,,,,CC_BY_4_0
330825840,specimen,805733,,Hagelstein,5,University of Arkansas,"51,515",Planetary Biodiversity Inventory Eumycetozoan Databank,1937-01-01T01:00Z,1937,,"Stemonitis virginiensis Rex, 1891",Stemonitis virginiensis,Stemonitis virginiensis,,NULL,181322,181322,,40.74700165,-73.65200043,,,,,,,,36059,,Nassau County,New York,New York,,,,US,http://slimemold.uark.edu/,,,,,,CC_BY_4_0
330831382,unknown,243052,,O.L.C.,201,Utah State University,"2,011,508",USU-UTC Specimen Database,1938-10-01T01:00Z,1938,,Plasmodiophora brassicae Woronin,Plasmodiophora brassicae,Plasmodiophora brassicae,,NULL,181447,181447,,40.68000031,-73.65000153,,,,,,,,36059,Nassau,Nassau County,New York,New York,,,,US,http://herbarium.usu.edu/,,,,,,CC_BY_4_0
330845270,specimen,749685,,,5,University of Arkansas,"51,515",Planetary Biodiversity Inventory Eumycetozoan Databank,1937-07-19T01:00Z,1937,,"Ceratiomyxa fruticulosa (O.F.Müll.) T.Macbr., 1899",Ceratiomyxa fruticulosa,Ceratiomyxa fruticulosa,,NULL,181384,181384,,40.77330017,-73.64360046,,,,,,,,36059,Nassau,Nassau County,New York,New York,,,,US,http://slimemold.uark.edu/,,,,,,CC_BY_4_0
330845886,specimen,804307,,"Hagelstein, R. L.",5,University of Arkansas,"51,515",Planetary Biodiversity Inventory Eumycetozoan Databank,1929-06-30T01:00Z,1929,,"Physarum bivalve Pers., 1795",Physarum bivalve,Physarum bivalve,,NULL,181261,181261,,40.77330017,-73.64360046,,,,,,,,36059,Nassau,Nassau County,New York,New York,,,,US,http://slimemold.uark.edu/,,,,,,CC_BY_4_0
330846838,specimen,804228,,"Hagelstein, R. L.",5,University of Arkansas,"51,515",Planetary Biodiversity Inventory Eumycetozoan Databank,1931-06-28T01:00Z,1931,,"Physarum bivalve Pers., 1795",Physarum bivalve,Physarum bivalve,,NULL,181261,181261,,40.77330017,-73.64360046,,,,,,,,36059,Nassau,Nassau County,New York,New York,,,,US,http://slimemold.uark.edu/,,,,,,CC_BY_4_0
330866435,specimen,CMMF011784,NA,"Hagelstein, Robert; Rispaud, Joseph H.",375,Université de Montréal Biodiversity Centre,"375,202,599",Cercle des mycologues de Montréal Fungarium (CMMF),1935-07-31T01:00Z,1935,,"Physarum cinereum (Batsch) Pers., 1794",Physarum cinereum,Physarum cinereum,,NULL,181264,181264,,40.77161026,-73.6466217,,,1500,,,,,36059,,Nassau County,New York,New York,,,,US,http://www.biodiversite.umontreal.ca,http://www.irbv.umontreal.ca/fongarium-du-cercle-des-mycologues-de-montreal?lang=en,,,,,CC0_1_0
330866441,specimen,CMMF011846,4,"Hagelstein, Robert; Rispaud, Joseph H.",375,Université de Montréal Biodiversity Centre,"375,202,599",Cercle des mycologues de Montréal Fungarium (CMMF),1941-07-27T02:00Z,1941,,"Diderma testaceum (Schrad.) Pers., 1801",Diderma testaceum,Diderma testaceum,,NULL,181281,181281,,40.77161026,-73.6466217,,,1500,,,,,36059,,Nassau County,New York,New York,,,,US,http://www.biodiversite.umontreal.ca,http://www.irbv.umontreal.ca/fongarium-du-cercle-des-mycologues-de-montreal?lang=en,,,,,CC0_1_0
330866442,specimen,CMMF011757,1927,"Hagelstein, Robert; Rispaud, Joseph H.",375,Université de Montréal Biodiversity Centre,"375,202,599",Cercle des mycologues de Montréal Fungarium (CMMF),1937-06-24T01:00Z,1937,,"Ceratiomyxa fruticulosa (O.F.Müll.) T.Macbr., 1899",Ceratiomyxa fruticulosa,Ceratiomyxa fruticulosa,,NULL,181384,181384,,40.77161026,-73.6466217,,,1500,,,,,36059,,Nassau County,New York,New York,,,,US,http://www.biodiversite.umontreal.ca,http://www.irbv.umontreal.ca/fongarium-du-cercle-des-mycologues-de-montreal?lang=en,,,,,CC0_1_0
330866445,specimen,CMMF011880,NA,"Hagelstein, Robert; Rispaud, Joseph H.",375,Université de Montréal Biodiversity Centre,"375,202,599",Cercle des mycologues de Montréal Fungarium (CMMF),1941-06-22T02:00Z,1941,,"Stemonitis fusca Roth, 1787",Stemonitis fusca,Stemonitis fusca,,NULL,181321,181321,,40.77161026,-73.6466217,,,1500,,,,,36059,,Nassau County,New York,New York,,,,US,http://www.biodiversite.umontreal.ca,http://www.irbv.umontreal.ca/fongarium-du-cercle-des-mycologues-de-montreal?lang=en,,,,,CC0_1_0
330866447,specimen,CMMF011793,NA,"Hagelstein, Robert; Rispaud, Joseph H.",375,Université de Montréal Biodiversity Centre,"375,202,599",Cercle des mycologues de Montréal Fungarium (CMMF),1941-07-09T02:00Z,1941,,"Physarum polycephalum Schwein., 1822",Physarum polycephalum,Physarum polycephalum,,NULL,181260,181260,,40.77161026,-73.6466217,,,1500,,,,,36059,,Nassau County,New York,New York,,,,US,http://www.biodiversite.umontreal.ca,http://www.irbv.umontreal.ca/fongarium-du-cercle-des-mycologues-de-montreal?lang=en,,,,,CC0_1_0
330877649,specimen,749618,,"Hagelstein, R.",5,University of Arkansas,"51,515",Planetary Biodiversity Inventory Eumycetozoan Databank,1924-06-23T01:00Z,1924,,"Ceratiomyxa fruticulosa (O.F.Müll.) T.Macbr., 1899",Ceratiomyxa fruticulosa,Ceratiomyxa fruticulosa,,NULL,181384,181384,,40.77330017,-73.64360046,,,,,,,,36059,Nassau,Nassau County,New York,New York,,,,US,http://slimemold.uark.edu/,,,,,,CC_BY_4_0
330879477,specimen,817576,,,5,University of Arkansas,"51,515",Planetary Biodiversity Inventory Eumycetozoan Databank,1935-06-29T01:00Z,1935,,"Didymium squamulosum (Alb. & Schwein.) Fr. & Palmquist, 1818",Didymium squamulosum,Didymium squamulosum,,NULL,181285,181285,,40.77330017,-73.64360046,,,,,,,,36059,Nassau,Nassau County,New York,New York,,,,US,http://slimemold.uark.edu/,,,,,,CC_BY_4_0
330879671,specimen,831046,,,5,University of Arkansas,"51,515",Planetary Biodiversity Inventory Eumycetozoan Databank,1924-09-01T01:00Z,1924,,"Arcyria cinerea (Bull.) Pers., 1801",Arcyria cinerea,Arcyria cinerea,,NULL,181367,181367,,40.77330017,-73.64360046,,,,,,,,36059,Nassau,Nassau County,New York,New York,,,,US,http://slimemold.uark.edu/,,,,,,CC_BY_4_0
330879699,specimen,817655,,"Hagelstein, R. L.",5,University of Arkansas,"51,515",Planetary Biodiversity Inventory Eumycetozoan Databank,1932-06-25T01:00Z,1932,,"Didymium squamulosum (Alb. & Schwein.) Fr. & Palmquist, 1818",Didymium squamulosum,Didymium squamulosum,,NULL,181285,181285,,40.77330017,-73.64360046,,,,,,,,36059,Nassau,Nassau County,New York,New York,,,,US,http://slimemold.uark.edu/,,,,,,CC_BY_4_0
330879780,specimen,811746,,"Hagelstein, R. L.",5,University of Arkansas,"51,515",Planetary Biodiversity Inventory Eumycetozoan Databank,1925-08-16T01:00Z,1925,,"Fuligo septica (L.) F.H.Wigg., 1780",Fuligo septica,Fuligo septica,,NULL,181257,181257,,40.77330017,-73.64360046,,,,,,,,36059,,Nassau County,New York,New York,,,,US,http://slimemold.uark.edu/,,,,,,CC_BY_4_0
330879822,specimen,827777,,"Hagelstein, R. L.",5,University of Arkansas,"51,515",Planetary Biodiversity Inventory Eumycetozoan Databank,1944-06-29T02:00Z,1944,,"Dictydium cancellatum (Batsch) T.Macbr., 1899",Dictydium cancellatum,Dictydium cancellatum,,NULL,181351,181351,,40.77330017,-73.64360046,,,,,,,,36059,Nassau,Nassau County,New York,New York,,,,US,http://slimemold.uark.edu/,,,,,,CC_BY_4_0
330880011,specimen,813874,,Hagelstein and Rispaud,5,University of Arkansas,"51,515",Planetary Biodiversity Inventory Eumycetozoan Databank,1925-07-14T01:00Z,1925,,"Diderma effusum (Schwein.) Morgan, 1894",Diderma effusum,Diderma effusum,,NULL,181279,181279,,40.77330017,-73.64360046,,,,,,,,36059,Nassau,Nassau County,New York,New York,,,,US,http://slimemold.uark.edu/,,,,,,CC_BY_4_0
330880039,specimen,823821,,"Hagelstein, R.",5,University of Arkansas,"51,515",Planetary Biodiversity Inventory Eumycetozoan Databank,1928-08-19T01:00Z,1928,,"Stemonitis fusca Roth, 1787",Stemonitis fusca,Stemonitis fusca,,NULL,181321,181321,,40.77330017,-73.64360046,,,,,,,,36059,Nassau,Nassau County,New York,New York,,,,US,http://slimemold.uark.edu/,,,,,,CC_BY_4_0
330880400,specimen,813826,,"Hagelstein, R. L.",5,University of Arkansas,"51,515",Planetary Biodiversity Inventory Eumycetozoan Databank,1934-06-24T01:00Z,1934,,"Diderma effusum (Schwein.) Morgan, 1894",Diderma effusum,Diderma effusum,,NULL,181279,181279,,40.77330017,-73.64360046,,,,,,,,36059,Nassau,Nassau County,New York,New York,,,,US,http://slimemold.uark.edu/,,,,,,CC_BY_4_0
330880449,specimen,824323,,"Hagelstein, R. L.",5,University of Arkansas,"51,515",Planetary Biodiversity Inventory Eumycetozoan Databank,1924-08-10T01:00Z,1924,,"Stemonitis fusca Roth, 1787",Stemonitis fusca,Stemonitis fusca,,NULL,181321,181321,,40.77330017,-73.64360046,,,,,,,,36059,Nassau,Nassau County,New York,New York,,,,US,http://slimemold.uark.edu/,,,,,,CC_BY_4_0
330880483,specimen,827834,,"Hagelstein, R. L.",5,University of Arkansas,"51,515",Planetary Biodiversity Inventory Eumycetozoan Databank,1936-09-13T01:00Z,1936,,"Dictydium cancellatum (Batsch) T.Macbr., 1899",Dictydium cancellatum,Dictydium cancellatum,,NULL,181351,181351,,40.77330017,-73.64360046,,,,,,,,36059,Nassau,Nassau County,New York,New York,,,,US,http://slimemold.uark.edu/,,,,,,CC_BY_4_0
330881145,specimen,816806,,"Hagelstein, R. L.",5,University of Arkansas,"51,515",Planetary Biodiversity Inventory Eumycetozoan Databank,1931-06-14T01:00Z,1931,,"Didymium minus (Lister) Morgan, 1894",Didymium minus,Didymium minus,,NULL,181284,181284,,40.77330017,-73.64360046,,,,,,,,36059,Nassau,Nassau County,New York,New York,,,,US,http://slimemold.uark.edu/,,,,,,CC_BY_4_0
330881200,specimen,816871,,"Hagelstein, R. L.",5,University of Arkansas,"51,515",Planetary Biodiversity Inventory Eumycetozoan Databank,1931-06-14T01:00Z,1931,,"Didymium minus (Lister) Morgan, 1894",Didymium minus,Didymium minus,,NULL,181284,181284,,40.77330017,-73.64360046,,,,,,,,36059,Nassau,Nassau County,New York,New York,,,,US,http://slimemold.uark.edu/,,,,,,CC_BY_4_0
330881728,specimen,835930,,,5,University of Arkansas,"51,515",Planetary Biodiversity Inventory Eumycetozoan Databank,1938-12-26T01:00Z,1938,,"Trichia favoginea (Batsch) Pers., 1794",Trichia favoginea,Trichia favoginea,,NULL,181362,181362,,40.77299881,-73.64399719,,,,,,,,36059,Nassau,Nassau County,New York,New York,,,,US,http://slimemold.uark.edu/,,,,,,CC_BY_4_0
330881731,specimen,836029,,"Hagelstein, R. L.;Rispaud, J. H.",5,University of Arkansas,"51,515",Planetary Biodiversity Inventory Eumycetozoan Databank,1938-09-25T01:00Z,1938,,"Trichia favoginea (Batsch) Pers., 1794",Trichia favoginea,Trichia favoginea,,NULL,181362,181362,,40.77299881,-73.64399719,,,,,,,,36059,Nassau,Nassau County,New York,New York,,,,US,http://slimemold.uark.edu/,,,,,,CC_BY_4_0
330881734,specimen,836256,,"Hagelstein, R. L.;Rispaud, J. H.",5,University of Arkansas,"51,515",Planetary Biodiversity Inventory Eumycetozoan Databank,1925-07-02T01:00Z,1925,,"Trichia favoginea (Batsch) Pers., 1794",Trichia favoginea,Trichia favoginea,,NULL,181362,181362,,40.77299881,-73.64399719,,,,,,,,36059,Nassau,Nassau County,New York,New York,,,,US,http://slimemold.uark.edu/,,,,,,CC_BY_4_0
330882488,specimen,816862,,"Hagelstein, R. L.",5,University of Arkansas,"51,515",Planetary Biodiversity Inventory Eumycetozoan Databank,,,,"Didymium minus (Lister) Morgan, 1894",Didymium minus,Didymium minus,,NULL,181284,181284,,40.77330017,-73.64360046,,,,,,,,36059,Nassau,Nassau County,New York,New York,,,,US,http://slimemold.uark.edu/,,,,,,CC_BY_4_0
330882600,specimen,814162,,"hagelstein, R. L.; Rispaud, J. H.",5,University of Arkansas,"51,515",Planetary Biodiversity Inventory Eumycetozoan Databank,1926-08-22T01:00Z,1926,,"Diderma hemisphaericum (Bull.) Hornem., 1829",Diderma hemisphaericum,Diderma hemisphaericum,,NULL,181280,181280,,40.77339935,-73.64360046,,,,,,,,36059,,Nassau County,New York,New York,,,,US,http://slimemold.uark.edu/,,,,,,CC_BY_4_0
330883658,specimen,24006,,R. Hagelstein,5,University of Arkansas,"51,515",Planetary Biodiversity Inventory Eumycetozoan Databank,1933-08-19T01:00Z,1933,,"Mucilago crustacea F.H.Wigg., 1780",Mucilago crustacea,Mucilago crustacea,,NULL,181298,181298,,40.77500153,-73.6428299,,,,,,,,36059,Nassau,Nassau County,Ny,New York,,,,US,http://slimemold.uark.edu/,,,,,,CC_BY_4_0
330889397,specimen,822857,,Hagelstein,5,University of Arkansas,"51,515",Planetary Biodiversity Inventory Eumycetozoan Databank,1938-07-31T01:00Z,1938,,"Comatricha typhoides (Bull.) Rostaf., 1894",Comatricha typhoides,Comatricha typhoides,,NULL,181311,181311,,40.77330017,-73.64360046,,,,,,,,36059,Nassau,Nassau County,New York,New York,,,,US,http://slimemold.uark.edu/,,,,,,CC_BY_4_0
330889399,specimen,826999,,"Hagelstein, R. L.",5,University of Arkansas,"51,515",Planetary Biodiversity Inventory Eumycetozoan Databank,1931-06-28T01:00Z,1931,,"Tubifera ferruginosa (Batsch) J.F.Gmel., 1792",Tubifera ferruginosa,Tubifera ferruginosa,,NULL,181344,181344,,40.77330017,-73.64360046,,,,,,,,36059,,Nassau County,New York,New York,,,,US,http://slimemold.uark.edu/,,,,,,CC_BY_4_0
330889401,specimen,818907,,Hagelstein,5,University of Arkansas,"51,515",Planetary Biodiversity Inventory Eumycetozoan Databank,1933-09-19T01:00Z,1933,,"Mucilago crustacea F.H.Wigg., 1780",Mucilago crustacea,Mucilago crustacea,,NULL,181298,181298,,40.77330017,-73.64360046,,,,,,,,36059,Nassau,Nassau County,New York,New York,,,,US,http://slimemold.uark.edu/,,,,,,CC_BY_4_0
330889403,specimen,804311,,"Hagelstein, R. L.",5,University of Arkansas,"51,515",Planetary Biodiversity Inventory Eumycetozoan Databank,1944-06-30T02:00Z,1944,,"Physarum bivalve Pers., 1795",Physarum bivalve,Physarum bivalve,,NULL,181261,181261,,40.77330017,-73.64360046,,,,,,,,36059,Nassau,Nassau County,New York,New York,,,,US,http://slimemold.uark.edu/,,,,,,CC_BY_4_0
330889405,specimen,822517,,"Hagelstein, R. L.",5,University of Arkansas,"51,515",Planetary Biodiversity Inventory Eumycetozoan Databank,1927-07-14T01:00Z,1927,,"Comatricha typhoides (Bull.) Rostaf., 1894",Comatricha typhoides,Comatricha typhoides,,NULL,181311,181311,,40.77330017,-73.64360046,,,,,,,,36059,Nassau,Nassau County,New York,New York,,,,US,http://slimemold.uark.edu/,,,,,,CC_BY_4_0
330889407,specimen,827004,,"Hagelstein, R. L.",5,University of Arkansas,"51,515",Planetary Biodiversity Inventory Eumycetozoan Databank,1928-07-31T01:00Z,1928,,"Tubifera ferruginosa (Batsch) J.F.Gmel., 1792",Tubifera ferruginosa,Tubifera ferruginosa,,NULL,181344,181344,,40.77330017,-73.64360046,,,,,,,,36059,,Nassau County,New York,New York,,,,US,http://slimemold.uark.edu/,,,,,,CC_BY_4_0
330889409,specimen,749613,,"Hagelstein, R.",5,University of Arkansas,"51,515",Planetary Biodiversity Inventory Eumycetozoan Databank,1924-06-23T01:00Z,1924,,"Ceratiomyxa fruticulosa (O.F.Müll.) T.Macbr., 1899",Ceratiomyxa fruticulosa,Ceratiomyxa fruticulosa,,NULL,181384,181384,,40.77330017,-73.64360046,,,,,,,,36059,Nassau,Nassau County,New York,New York,,,,US,http://slimemold.uark.edu/,,,,,,CC_BY_4_0
330916481,specimen,742950,,"Hagelstein, R. L.",5,University of Arkansas,"51,515",Planetary Biodiversity Inventory Eumycetozoan Databank,1924-06-07T01:00Z,1924,,"Ceratiomyxa fruticulosa (O.F.Müll.) T.Macbr., 1899",Ceratiomyxa fruticulosa,Ceratiomyxa fruticulosa,,NULL,181384,181384,,40.7492981,-73.64070129,,,,,,,,36059,,Nassau County,New York,New York,,,,US,http://slimemold.uark.edu/,,,,,,CC_BY_4_0
330917251,specimen,817389,,Hagelstein,5,University of Arkansas,"51,515",Planetary Biodiversity Inventory Eumycetozoan Databank,1936-06-24T01:00Z,1936,,"Didymium squamulosum (Alb. & Schwein.) Fr. & Palmquist, 1818",Didymium squamulosum,Didymium squamulosum,,NULL,181285,181285,,40.7492981,-73.64070129,,,,,,,,36059,,Nassau County,New York,New York,,,,US,http://slimemold.uark.edu/,,,,,,CC_BY_4_0
330917931,specimen,817670,,,5,University of Arkansas,"51,515",Planetary Biodiversity Inventory Eumycetozoan Databank,1933-09-05T01:00Z,1933,,"Didymium squamulosum (Alb. & Schwein.) Fr. & Palmquist, 1818",Didymium squamulosum,Didymium squamulosum,,NULL,181285,181285,,40.7492981,-73.64070129,,,,,,,,36059,Long Island,Nassau County,New York,New York,,,,US,http://slimemold.uark.edu/,,,,,,CC_BY_4_0
330917934,specimen,814155,,"hagelstein, R. L.; Rispaud, J. H.",5,University of Arkansas,"51,515",Planetary Biodiversity Inventory Eumycetozoan Databank,1933-09-07T01:00Z,1933,,"Diderma hemisphaericum (Bull.) Hornem., 1829",Diderma hemisphaericum,Diderma hemisphaericum,,NULL,181280,181280,,40.7492981,-73.64070129,,,,,,,,36059,,Nassau County,New York,New York,,,,US,http://slimemold.uark.edu/,,,,,,CC_BY_4_0
330917936,specimen,817651,,"Hagelstein, R. L.",5,University of Arkansas,"51,515",Planetary Biodiversity Inventory Eumycetozoan Databank,1933-09-10T01:00Z,1933,,"Didymium squamulosum (Alb. & Schwein.) Fr. & Palmquist, 1818",Didymium squamulosum,Didymium squamulosum,,NULL,181285,181285,,40.7492981,-73.64070129,,,,,,,,36059,Mineola,Nassau County,New York,New York,,,,US,http://slimemold.uark.edu/,,,,,,CC_BY_4_0
330917938,specimen,814235,,"Hagelstein, R. L.",5,University of Arkansas,"51,515",Planetary Biodiversity Inventory Eumycetozoan Databank,1933-09-07T01:00Z,1933,,"Diderma hemisphaericum (Bull.) Hornem., 1829",Diderma hemisphaericum,Diderma hemisphaericum,,NULL,181280,181280,,40.7492981,-73.64070129,,,,,,,,36059,,Nassau County,New York,New York,,,,US,http://slimemold.uark.edu/,,,,,,CC_BY_4_0
330917940,specimen,814149,,"Hagelstein, R. L.",5,University of Arkansas,"51,515",Planetary Biodiversity Inventory Eumycetozoan Databank,1933-09-07T01:00Z,1933,,"Diderma hemisphaericum (Bull.) Hornem., 1829",Diderma hemisphaericum,Diderma hemisphaericum,,NULL,181280,181280,,40.7492981,-73.64070129,,,,,,,,36059,,Nassau County,New York,New York,,,,US,http://slimemold.uark.edu/,,,,,,CC_BY_4_0
330917943,specimen,CMMF011792,NA,"Hagelstein, Robert; Rispaud, Joseph H.",375,Université de Montréal Biodiversity Centre,"375,202,599",Cercle des mycologues de Montréal Fungarium (CMMF),1931-06-28T01:00Z,1931,,"Physarum bivalve Pers., 1795",Physarum bivalve,Physarum bivalve,,NULL,181261,181261,,40.74927139,-73.64067841,,,2000,,,,,36059,,Nassau County,New York,New York,,,,US,http://www.biodiversite.umontreal.ca,http://www.irbv.umontreal.ca/fongarium-du-cercle-des-mycologues-de-montreal?lang=en,,,,,CC0_1_0
331425501,specimen,24076,,R. Hagelstein,5,University of Arkansas,"51,515",Planetary Biodiversity Inventory Eumycetozoan Databank,1933-10-02T01:00Z,1933,,"Stemonitis Gled., 1753",Stemonitis,Stemonitis,,NULL,181320,181320,,40.70000076,-73.59367371,,,,,,,,36059,Nassau,Nassau County,Ny,New York,,,,US,http://slimemold.uark.edu/,,,,,,CC_BY_4_0
331451257,specimen,53036,,"Brodo, Irwin",109,Michigan State University Herbarium,"109,202,642",Michigan State University Herbarium Lichens,1960-07-19T01:00Z,1960,,Cladonia atlantica A. Evans,Cladonia atlantica,Cladonia atlantica,,NULL,189852,189852,,40.72968674,-73.58938599,,,,,,,,36059,Nassau,Nassau County,New York,New York,,,,US,http://herbarium.msu.edu,http://www.herbarium.msu.edu/lichen.html,,,,,CC0_1_0
331451303,specimen,46987,,"Brodo, Irwin",109,Michigan State University Herbarium,"109,202,642",Michigan State University Herbarium Lichens,1960-06-29T01:00Z,1960,,Cladonia atlantica A. Evans,Cladonia atlantica,Cladonia atlantica,,NULL,189852,189852,,40.72968674,-73.58938599,,,,,,,,36059,Nassau,Nassau County,New York,New York,,,,US,http://herbarium.msu.edu,http://www.herbarium.msu.edu/lichen.html,,,,,CC0_1_0
331451453,specimen,52540,,"Brodo, Irwin",109,Michigan State University Herbarium,"109,202,642",Michigan State University Herbarium Lichens,1961-08-25T01:00Z,1961,,Cladonia polycarpoides Nyl.,Cladonia polycarpoides,Cladonia polycarpoides,,NULL,189947,189947,,40.72968674,-73.58938599,,,,,,,,36059,Nassau,Nassau County,New York,New York,,,,US,http://herbarium.msu.edu,http://www.herbarium.msu.edu/lichen.html,,,,,CC0_1_0
331451481,specimen,52547,,"Brodo, Irwin",109,Michigan State University Herbarium,"109,202,642",Michigan State University Herbarium Lichens,1961-09-18T01:00Z,1961,,Cladonia polycarpoides Nyl.,Cladonia polycarpoides,Cladonia polycarpoides,,NULL,189947,189947,,40.72968674,-73.58938599,,,,,,,,36059,Nassau,Nassau County,New York,New York,,,,US,http://herbarium.msu.edu,http://www.herbarium.msu.edu/lichen.html,,,,,CC0_1_0
331454681,specimen,51224,,"Brodo, Irwin",109,Michigan State University Herbarium,"109,202,642",Michigan State University Herbarium Lichens,1960-06-28T01:00Z,1960,,Cladonia mateocyatha Robbins,Cladonia mateocyatha,Cladonia mateocyatha,,NULL,189927,189927,,40.72968674,-73.58938599,,,,,,county,,36059,Nassau,Nassau County,New York,New York,,,,US,http://herbarium.msu.edu,http://www.herbarium.msu.edu/lichen.html,,,,,CC0_1_0
331455038,specimen,50900,,"Brodo, Irwin",109,Michigan State University Herbarium,"109,202,642",Michigan State University Herbarium Lichens,1959-07-10T01:00Z,1959,,Cladonia incrassata Flörke,Cladonia incrassata,Cladonia incrassata,,NULL,189916,189916,,40.72968674,-73.58938599,,,,,,county,,36059,Nassau,Nassau County,New York,New York,,,,US,http://herbarium.msu.edu,http://www.herbarium.msu.edu/lichen.html,,,,,CC0_1_0
331455074,specimen,49985,,"Brodo, Irwin",109,Michigan State University Herbarium,"109,202,642",Michigan State University Herbarium Lichens,1960-06-29T01:00Z,1960,,Cladonia coniocraea (Flörke) Spreng.,Cladonia coniocraea,Cladonia coniocraea,,NULL,189872,189872,,40.72968674,-73.58938599,,,,,,county,,36059,Nassau,Nassau County,New York,New York,,,,US,http://herbarium.msu.edu,http://www.herbarium.msu.edu/lichen.html,,,,,CC0_1_0
331455090,specimen,49922,,"Brodo, Irwin",109,Michigan State University Herbarium,"109,202,642",Michigan State University Herbarium Lichens,1961-08-25T01:00Z,1961,,Cladonia coniocraea (Flörke) Spreng.,Cladonia coniocraea,Cladonia coniocraea,,NULL,189872,189872,,40.72968674,-73.58938599,,,,,,county,,36059,Nassau,Nassau County,New York,New York,,,,US,http://herbarium.msu.edu,http://www.herbarium.msu.edu/lichen.html,,,,,CC0_1_0
331455096,specimen,50893,,"Brodo, Irwin",109,Michigan State University Herbarium,"109,202,642",Michigan State University Herbarium Lichens,1960-07-24T01:00Z,1960,,Cladonia incrassata Flörke,Cladonia incrassata,Cladonia incrassata,,NULL,189916,189916,,40.72968674,-73.58938599,,,,,,county,,36059,Nassau,Nassau County,New York,New York,,,,US,http://herbarium.msu.edu,http://www.herbarium.msu.edu/lichen.html,,,,,CC0_1_0
331455104,specimen,49989,,"Brodo, Irwin",109,Michigan State University Herbarium,"109,202,642",Michigan State University Herbarium Lichens,1960-06-29T01:00Z,1960,,Cladonia coniocraea (Flörke) Spreng.,Cladonia coniocraea,Cladonia coniocraea,,NULL,189872,189872,,40.72968674,-73.58938599,,,,,,county,,36059,Nassau,Nassau County,New York,New York,,,,US,http://herbarium.msu.edu,http://www.herbarium.msu.edu/lichen.html,,,,,CC0_1_0
331455117,specimen,49957,,"Brodo, Irwin",109,Michigan State University Herbarium,"109,202,642",Michigan State University Herbarium Lichens,1960-07-24T01:00Z,1960,,Cladonia coniocraea (Flörke) Spreng.,Cladonia coniocraea,Cladonia coniocraea,,NULL,189872,189872,,40.72968674,-73.58938599,,,,,,county,,36059,Nassau,Nassau County,New York,New York,,,,US,http://herbarium.msu.edu,http://www.herbarium.msu.edu/lichen.html,,,,,CC0_1_0
331455126,specimen,52515,,"Brodo, Irwin",109,Michigan State University Herbarium,"109,202,642",Michigan State University Herbarium Lichens,1961-09-18T01:00Z,1961,,Cladonia piedmontensis G.K. Merr.,Cladonia piedmontensis,Cladonia piedmontensis,,NULL,189943,189943,,40.72968674,-73.58938599,,,,,,county,,36059,Nassau,Nassau County,New York,New York,,,,US,http://herbarium.msu.edu,http://www.herbarium.msu.edu/lichen.html,,,,,CC0_1_0
331455129,specimen,114456,,"Brodo, Irwin",109,Michigan State University Herbarium,"109,202,642",Michigan State University Herbarium Lichens,1961-08-25T01:00Z,1961,,"Cladonia P. Browne, 1756",Cladonia,Cladonia,,NULL,189842,189842,,40.72968674,-73.58938599,,,,,,county,,36059,Nassau,Nassau County,New York,New York,,,,US,http://herbarium.msu.edu,http://www.herbarium.msu.edu/lichen.html,,,,,CC0_1_0
331455139,specimen,59526,,"Brodo, Irwin",109,Michigan State University Herbarium,"109,202,642",Michigan State University Herbarium Lichens,1963-08-17T01:00Z,1963,,Trapeliopsis flexuosa (Fr.) Coppins & P. James,Trapeliopsis flexuosa,Trapeliopsis flexuosa,,NULL,189804,189804,,40.72968674,-73.58938599,,,,,,county,,36059,Nassau,Nassau County,New York,New York,,,,US,http://herbarium.msu.edu,http://www.herbarium.msu.edu/lichen.html,,,,,CC0_1_0
331455174,specimen,49938,,"Brodo, Irwin",109,Michigan State University Herbarium,"109,202,642",Michigan State University Herbarium Lichens,1960-07-24T01:00Z,1960,,Cladonia coniocraea (Flörke) Spreng.,Cladonia coniocraea,Cladonia coniocraea,,NULL,189872,189872,,40.72968674,-73.58938599,,,,,,county,,36059,Nassau,Nassau County,New York,New York,,,,US,http://herbarium.msu.edu,http://www.herbarium.msu.edu/lichen.html,,,,,CC0_1_0
331455180,specimen,,548,I. Brodo,220,"National Museum of Natural History, Smithsonian Institution","220,202,612",NMNH Extant Specimen and Observation Records,1960-06-29T01:00Z,1960,,Cladonia coniocraea (Flörke) Spreng.,Cladonia coniocraea,Cladonia coniocraea,,NULL,189872,189872,,40.72968674,-73.58938599,,,,,,county,,36059,Nassau,Nassau County,New York,New York,,,,US,http://www.nmnh.si.edu/,http://collections.nmnh.si.edu,,,,,CC0_1_0
331455195,specimen,49987,,"Brodo, Irwin",109,Michigan State University Herbarium,"109,202,642",Michigan State University Herbarium Lichens,1960-06-29T01:00Z,1960,,Cladonia coniocraea (Flörke) Spreng.,Cladonia coniocraea,Cladonia coniocraea,,NULL,189872,189872,,40.72968674,-73.58938599,,,,,,county,,36059,Nassau,Nassau County,New York,New York,,,,US,http://herbarium.msu.edu,http://www.herbarium.msu.edu/lichen.html,,,,,CC0_1_0
331455197,specimen,51642,,"Brodo, Irwin",109,Michigan State University Herbarium,"109,202,642",Michigan State University Herbarium Lichens,1962-07-11T01:00Z,1962,,Aspicilia cinerea (L.) Körb.,Aspicilia cinerea,Aspicilia cinerea,,NULL,189710,189710,,40.72968674,-73.58938599,,,,,,county,,36059,Nassau,Nassau County,New York,New York,,,,US,http://herbarium.msu.edu,http://www.herbarium.msu.edu/lichen.html,,,,,CC0_1_0
331455199,specimen,49946,,"Brodo, Irwin",109,Michigan State University Herbarium,"109,202,642",Michigan State University Herbarium Lichens,1962-07-11T01:00Z,1962,,Cladonia coniocraea (Flörke) Spreng.,Cladonia coniocraea,Cladonia coniocraea,,NULL,189872,189872,,40.72968674,-73.58938599,,,,,,county,,36059,Nassau,Nassau County,New York,New York,,,,US,http://herbarium.msu.edu,http://www.herbarium.msu.edu/lichen.html,,,,,CC0_1_0
331455201,specimen,,3189,I. Brodo,220,"National Museum of Natural History, Smithsonian Institution","220,202,612",NMNH Extant Specimen and Observation Records,1960-08-25T01:00Z,1960,,Cladonia coniocraea (Flörke) Spreng.,Cladonia coniocraea,Cladonia coniocraea,,NULL,189872,189872,,40.72968674,-73.58938599,,,,,,county,,36059,Nassau,Nassau County,New York,New York,,,,US,http://www.nmnh.si.edu/,http://collections.nmnh.si.edu,,,,,CC0_1_0
331455208,specimen,49921,,"Brodo, Irwin",109,Michigan State University Herbarium,"109,202,642",Michigan State University Herbarium Lichens,1961-08-25T01:00Z,1961,,Cladonia coniocraea (Flörke) Spreng.,Cladonia coniocraea,Cladonia coniocraea,,NULL,189872,189872,,40.72968674,-73.58938599,,,,,,county,,36059,Nassau,Nassau County,New York,New York,,,,US,http://herbarium.msu.edu,http://www.herbarium.msu.edu/lichen.html,,,,,CC0_1_0
331455210,specimen,49990,,"Brodo, Irwin",109,Michigan State University Herbarium,"109,202,642",Michigan State University Herbarium Lichens,1960-06-29T01:00Z,1960,,Cladonia coniocraea (Flörke) Spreng.,Cladonia coniocraea,Cladonia coniocraea,,NULL,189872,189872,,40.72968674,-73.58938599,,,,,,county,,36059,Nassau,Nassau County,New York,New York,,,,US,http://herbarium.msu.edu,http://www.herbarium.msu.edu/lichen.html,,,,,CC0_1_0
331455220,specimen,49947,,"Brodo, Irwin",109,Michigan State University Herbarium,"109,202,642",Michigan State University Herbarium Lichens,1962-07-11T01:00Z,1962,,Cladonia coniocraea (Flörke) Spreng.,Cladonia coniocraea,Cladonia coniocraea,,NULL,189872,189872,,40.72968674,-73.58938599,,,,,,county,,36059,Nassau,Nassau County,New York,New York,,,,US,http://herbarium.msu.edu,http://www.herbarium.msu.edu/lichen.html,,,,,CC0_1_0
331455235,specimen,50902,,"Brodo, Irwin",109,Michigan State University Herbarium,"109,202,642",Michigan State University Herbarium Lichens,1960-06-29T01:00Z,1960,,Cladonia incrassata Flörke,Cladonia incrassata,Cladonia incrassata,,NULL,189916,189916,,40.72968674,-73.58938599,,,,,,county,,36059,Nassau,Nassau County,New York,New York,,,,US,http://herbarium.msu.edu,http://www.herbarium.msu.edu/lichen.html,,,,,CC0_1_0
331455250,specimen,50894,,"Brodo, Irwin",109,Michigan State University Herbarium,"109,202,642",Michigan State University Herbarium Lichens,1960-07-24T01:00Z,1960,,Cladonia incrassata Flörke,Cladonia incrassata,Cladonia incrassata,,NULL,189916,189916,,40.72968674,-73.58938599,,,,,,county,,36059,Nassau,Nassau County,New York,New York,,,,US,http://herbarium.msu.edu,http://www.herbarium.msu.edu/lichen.html,,,,,CC0_1_0
331455257,specimen,61654,,"Brodo, Irwin",109,Michigan State University Herbarium,"109,202,642",Michigan State University Herbarium Lichens,1961-08-25T01:00Z,1961,,Lecanora dispersa (Pers.) Sommerf.,Lecanora dispersa,Lecanora dispersa,,NULL,190358,190358,,40.72968674,-73.58938599,,,,,,county,,36059,Nassau,Nassau County,New York,New York,,,,US,http://herbarium.msu.edu,http://www.herbarium.msu.edu/lichen.html,,,,,CC0_1_0
331455308,specimen,68738,,"Brodo, Irwin",109,Michigan State University Herbarium,"109,202,642",Michigan State University Herbarium Lichens,1960-06-29T01:00Z,1960,,Parmelia squarrosa Hale,Parmelia squarrosa,Parmelia squarrosa,,NULL,190721,190721,,40.72968674,-73.58938599,,,,,,county,,36059,Nassau,Nassau County,New York,New York,,,,US,http://herbarium.msu.edu,http://www.herbarium.msu.edu/lichen.html,,,,,CC0_1_0
331455323,specimen,68739,,"Brodo, Irwin",109,Michigan State University Herbarium,"109,202,642",Michigan State University Herbarium Lichens,1960-06-29T01:00Z,1960,,Parmelia squarrosa Hale,Parmelia squarrosa,Parmelia squarrosa,,NULL,190721,190721,,40.72968674,-73.58938599,,,,,,county,,36059,Nassau,Nassau County,New York,New York,,,,US,http://herbarium.msu.edu,http://www.herbarium.msu.edu/lichen.html,,,,,CC0_1_0
331455331,specimen,49929,,"Brodo, Irwin",109,Michigan State University Herbarium,"109,202,642",Michigan State University Herbarium Lichens,1960-07-19T01:00Z,1960,,Cladonia coniocraea (Flörke) Spreng.,Cladonia coniocraea,Cladonia coniocraea,,NULL,189872,189872,,40.72968674,-73.58938599,,,,,,county,,36059,Nassau,Nassau County,New York,New York,,,,US,http://herbarium.msu.edu,http://www.herbarium.msu.edu/lichen.html,,,,,CC0_1_0
331455334,specimen,49988,,"Brodo, Irwin",109,Michigan State University Herbarium,"109,202,642",Michigan State University Herbarium Lichens,1960-06-29T01:00Z,1960,,Cladonia coniocraea (Flörke) Spreng.,Cladonia coniocraea,Cladonia coniocraea,,NULL,189872,189872,,40.72968674,-73.58938599,,,,,,county,,36059,Nassau,Nassau County,New York,New York,,,,US,http://herbarium.msu.edu,http://www.herbarium.msu.edu/lichen.html,,,,,CC0_1_0
331455372,specimen,49948,,"Brodo, Irwin",109,Michigan State University Herbarium,"109,202,642",Michigan State University Herbarium Lichens,1962-07-11T01:00Z,1962,,Cladonia coniocraea (Flörke) Spreng.,Cladonia coniocraea,Cladonia coniocraea,,NULL,189872,189872,,40.72968674,-73.58938599,,,,,,county,,36059,Nassau,Nassau County,New York,New York,,,,US,http://herbarium.msu.edu,http://www.herbarium.msu.edu/lichen.html,,,,,CC0_1_0
331455400,specimen,49958,,"Brodo, Irwin",109,Michigan State University Herbarium,"109,202,642",Michigan State University Herbarium Lichens,1960-07-24T01:00Z,1960,,Cladonia coniocraea (Flörke) Spreng.,Cladonia coniocraea,Cladonia coniocraea,,NULL,189872,189872,,40.72968674,-73.58938599,,,,,,county,,36059,Nassau,Nassau County,New York,New York,,,,US,http://herbarium.msu.edu,http://www.herbarium.msu.edu/lichen.html,,,,,CC0_1_0
331455408,specimen,50901,,"Brodo, Irwin",109,Michigan State University Herbarium,"109,202,642",Michigan State University Herbarium Lichens,1960-06-29T01:00Z,1960,,Cladonia incrassata Flörke,Cladonia incrassata,Cladonia incrassata,,NULL,189916,189916,,40.72968674,-73.58938599,,,,,,county,,36059,Nassau,Nassau County,New York,New York,,,,US,http://herbarium.msu.edu,http://www.herbarium.msu.edu/lichen.html,,,,,CC0_1_0
331455416,specimen,49937,,"Brodo, Irwin",109,Michigan State University Herbarium,"109,202,642",Michigan State University Herbarium Lichens,1960-07-24T01:00Z,1960,,Cladonia coniocraea (Flörke) Spreng.,Cladonia coniocraea,Cladonia coniocraea,,NULL,189872,189872,,40.72968674,-73.58938599,,,,,,county,,36059,Nassau,Nassau County,New York,New York,,,,US,http://herbarium.msu.edu,http://www.herbarium.msu.edu/lichen.html,,,,,CC0_1_0
331455427,specimen,67484,,"Brodo, Irwin",109,Michigan State University Herbarium,"109,202,642",Michigan State University Herbarium Lichens,1960-07-24T01:00Z,1960,,Parmelia squarrosa Hale,Parmelia squarrosa,Parmelia squarrosa,,NULL,190721,190721,,40.72968674,-73.58938599,,,,,,county,,36059,Nassau,Nassau County,New York,New York,,,,US,http://herbarium.msu.edu,http://www.herbarium.msu.edu/lichen.html,,,,,CC0_1_0
331455429,specimen,49992,,"Brodo, Irwin",109,Michigan State University Herbarium,"109,202,642",Michigan State University Herbarium Lichens,1960-06-29T01:00Z,1960,,Cladonia coniocraea (Flörke) Spreng.,Cladonia coniocraea,Cladonia coniocraea,,NULL,189872,189872,,40.72968674,-73.58938599,,,,,,county,,36059,Nassau,Nassau County,New York,New York,,,,US,http://herbarium.msu.edu,http://www.herbarium.msu.edu/lichen.html,,,,,CC0_1_0
331455431,specimen,49986,,"Brodo, Irwin",109,Michigan State University Herbarium,"109,202,642",Michigan State University Herbarium Lichens,1960-06-29T01:00Z,1960,,Cladonia coniocraea (Flörke) Spreng.,Cladonia coniocraea,Cladonia coniocraea,,NULL,189872,189872,,40.72968674,-73.58938599,,,,,,county,,36059,Nassau,Nassau County,New York,New York,,,,US,http://herbarium.msu.edu,http://www.herbarium.msu.edu/lichen.html,,,,,CC0_1_0
331455512,specimen,50341,,"Brodo, Irwin",109,Michigan State University Herbarium,"109,202,642",Michigan State University Herbarium Lichens,1960-06-28T01:00Z,1960,,Cladonia chlorophaea (Flörke ex Sommerf.) Spreng.,Cladonia chlorophaea,Cladonia chlorophaea,,NULL,189870,189870,,40.72968674,-73.58938599,,,,,,,,36059,Nassau,Nassau County,New York,New York,,,,US,http://herbarium.msu.edu,http://www.herbarium.msu.edu/lichen.html,,,,,CC0_1_0
331455518,specimen,50342,,"Brodo, Irwin",109,Michigan State University Herbarium,"109,202,642",Michigan State University Herbarium Lichens,1960-06-29T01:00Z,1960,,Cladonia chlorophaea (Flörke ex Sommerf.) Spreng.,Cladonia chlorophaea,Cladonia chlorophaea,,NULL,189870,189870,,40.72968674,-73.58938599,,,,,,,,36059,Nassau,Nassau County,New York,New York,,,,US,http://herbarium.msu.edu,http://www.herbarium.msu.edu/lichen.html,,,,,CC0_1_0
331455522,specimen,50343,,"Brodo, Irwin",109,Michigan State University Herbarium,"109,202,642",Michigan State University Herbarium Lichens,1960-06-29T01:00Z,1960,,Cladonia chlorophaea (Flörke ex Sommerf.) Spreng.,Cladonia chlorophaea,Cladonia chlorophaea,,NULL,189870,189870,,40.72968674,-73.58938599,,,,,,,,36059,Nassau,Nassau County,New York,New York,,,,US,http://herbarium.msu.edu,http://www.herbarium.msu.edu/lichen.html,,,,,CC0_1_0
331455530,specimen,49363,,"Brodo, Irwin",109,Michigan State University Herbarium,"109,202,642",Michigan State University Herbarium Lichens,1960-07-19T01:00Z,1960,,Cladonia chlorophaea (Flörke ex Sommerf.) Spreng.,Cladonia chlorophaea,Cladonia chlorophaea,,NULL,189870,189870,,40.72968674,-73.58938599,,,,,,,,36059,Nassau,Nassau County,New York,New York,,,,US,http://herbarium.msu.edu,http://www.herbarium.msu.edu/lichen.html,,,,,CC0_1_0
331455547,specimen,50381,,"Brodo, Irwin",109,Michigan State University Herbarium,"109,202,642",Michigan State University Herbarium Lichens,1961-09-18T01:00Z,1961,,Cladonia chlorophaea (Flörke ex Sommerf.) Spreng.,Cladonia chlorophaea,Cladonia chlorophaea,,NULL,189870,189870,,40.72968674,-73.58938599,,,,,,,,36059,Nassau,Nassau County,New York,New York,,,,US,http://herbarium.msu.edu,http://www.herbarium.msu.edu/lichen.html,,,,,CC0_1_0
331455560,specimen,71250,,"Brodo, Irwin",109,Michigan State University Herbarium,"109,202,642",Michigan State University Herbarium Lichens,1961-08-25T01:00Z,1961,,Physcia millegrana Degel.,Physcia millegrana,Physcia millegrana,,NULL,191100,191100,,40.72968674,-73.58938599,,,,,,,,36059,Nassau,Nassau County,New York,New York,,,,US,http://herbarium.msu.edu,http://www.herbarium.msu.edu/lichen.html,,,,,CC0_1_0
331455571,unknown,243178,,K.E. Maxwell,201,Utah State University,"2,011,508",USU-UTC Specimen Database,1934-06-01T01:00Z,1934,,"Puccinia antirrhini Dietel & Holw., 1897",Puccinia antirrhini,Puccinia antirrhini,,snapdragon rust,192046,192046,,40.72968674,-73.58938599,,,,,,county,,36059,Nassau,Nassau County,New York,New York,,,,US,http://herbarium.usu.edu/,,,,,,CC_BY_4_0
331455579,unknown,243068,,M. C. Richards,201,Utah State University,"2,011,508",USU-UTC Specimen Database,,,,"Cercospora Fresenius, 1863",Cercospora,Dendryphiella,,NULL,14136,14140,,40.72968674,-73.58938599,,,,,,county,,36059,Nassau,Nassau County,New York,New York,,,,US,http://herbarium.usu.edu/,,,,,,CC_BY_4_0
331455581,specimen,71200,,"Brodo, Irwin",109,Michigan State University Herbarium,"109,202,642",Michigan State University Herbarium Lichens,1960-07-19T01:00Z,1960,,Physcia millegrana Degel.,Physcia millegrana,Physcia millegrana,,NULL,191100,191100,,40.72968674,-73.58938599,,,,,,,,36059,Nassau,Nassau County,New York,New York,,,,US,http://herbarium.msu.edu,http://www.herbarium.msu.edu/lichen.html,,,,,CC0_1_0
331455592,specimen,49476,,"Brodo, Irwin",109,Michigan State University Herbarium,"109,202,642",Michigan State University Herbarium Lichens,1961-07-02T01:00Z,1961,,Cladonia chlorophaea (Flörke ex Sommerf.) Spreng.,Cladonia chlorophaea,Cladonia chlorophaea,,NULL,189870,189870,,40.72968674,-73.58938599,,,,,,,,36059,Nassau,Nassau County,New York,New York,,,,US,http://herbarium.msu.edu,http://www.herbarium.msu.edu/lichen.html,,,,,CC0_1_0
331455985,specimen,45683,,"Brodo, Irwin",109,Michigan State University Herbarium,"109,202,642",Michigan State University Herbarium Lichens,1962-07-11T01:00Z,1962,,"Acarospora fuscata (Nyl.) Th. Fr., 1871",Acarospora fuscata,Acarospora fuscata,,NULL,189614,189614,,40.72968674,-73.58938599,,,,,,county,,36059,Nassau,Nassau County,New York,New York,,,,US,http://herbarium.msu.edu,http://www.herbarium.msu.edu/lichen.html,,,,,CC0_1_0
331456109,specimen,53229,,"Brodo, Irwin",109,Michigan State University Herbarium,"109,202,642",Michigan State University Herbarium Lichens,1960-07-24T01:00Z,1960,,Cladonia cristatella Tuck.,Cladonia cristatella,Cladonia cristatella,,NULL,189879,189879,,40.72968674,-73.58938599,,,,,,county,,36059,Nassau,Nassau County,New York,New York,,,,US,http://herbarium.msu.edu,http://www.herbarium.msu.edu/lichen.html,,,,,CC0_1_0
331456119,specimen,51665,,"Brodo, Irwin",109,Michigan State University Herbarium,"109,202,642",Michigan State University Herbarium Lichens,1963-08-17T01:00Z,1963,,Cladonia cristatella Tuck.,Cladonia cristatella,Cladonia cristatella,,NULL,189879,189879,,40.72968674,-73.58938599,,,,,,county,,36059,Nassau,Nassau County,New York,New York,,,,US,http://herbarium.msu.edu,http://www.herbarium.msu.edu/lichen.html,,,,,CC0_1_0
331456311,specimen,43975,,"Brodo, Irwin",109,Michigan State University Herbarium,"109,202,642",Michigan State University Herbarium Lichens,1960-06-28T01:00Z,1960,,Cladonia cristatella Tuck.,Cladonia cristatella,Cladonia cristatella,,NULL,189879,189879,,40.72968674,-73.58938599,,,,,,county,,36059,Nassau,Nassau County,New York,New York,,,,US,http://herbarium.msu.edu,http://www.herbarium.msu.edu/lichen.html,,,,,CC0_1_0
331456391,specimen,43976,,"Brodo, Irwin",109,Michigan State University Herbarium,"109,202,642",Michigan State University Herbarium Lichens,1960-06-29T01:00Z,1960,,Cladonia cristatella Tuck.,Cladonia cristatella,Cladonia cristatella,,NULL,189879,189879,,40.72968674,-73.58938599,,,,,,county,,36059,Nassau,Nassau County,New York,New York,,,,US,http://herbarium.msu.edu,http://www.herbarium.msu.edu/lichen.html,,,,,CC0_1_0
331456502,specimen,53268,,"Brodo, Irwin",109,Michigan State University Herbarium,"109,202,642",Michigan State University Herbarium Lichens,1961-09-25T01:00Z,1961,,Cladonia cristatella Tuck.,Cladonia cristatella,Cladonia cristatella,,NULL,189879,189879,,40.72968674,-73.58938599,,,,,,county,,36059,Nassau,Nassau County,New York,New York,,,,US,http://herbarium.msu.edu,http://www.herbarium.msu.edu/lichen.html,,,,,CC0_1_0
331456543,specimen,51662,,"Brodo, Irwin",109,Michigan State University Herbarium,"109,202,642",Michigan State University Herbarium Lichens,1962-07-11T01:00Z,1962,,Cladonia cristatella Tuck.,Cladonia cristatella,Cladonia cristatella,,NULL,189879,189879,,40.72968674,-73.58938599,,,,,,county,,36059,Nassau,Nassau County,New York,New York,,,,US,http://herbarium.msu.edu,http://www.herbarium.msu.edu/lichen.html,,,,,CC0_1_0
331456545,specimen,55080,,"Brodo, Irwin",109,Michigan State University Herbarium,"109,202,642",Michigan State University Herbarium Lichens,1961-09-18T01:00Z,1961,,Cladonia caroliniana Tuck.,Cladonia caroliniana,Cladonia caroliniana,,NULL,189865,189865,,40.72968674,-73.58938599,,,,,,county,,36059,Nassau,Nassau County,New York,New York,,,,US,http://herbarium.msu.edu,http://www.herbarium.msu.edu/lichen.html,,,,,CC0_1_0
331456595,specimen,51656,,"Brodo, Irwin",109,Michigan State University Herbarium,"109,202,642",Michigan State University Herbarium Lichens,,,,Cladonia cristatella Tuck.,Cladonia cristatella,Cladonia cristatella,,NULL,189879,189879,,40.72968674,-73.58938599,,,,,,county,,36059,Nassau,Nassau County,New York,New York,,,,US,http://herbarium.msu.edu,http://www.herbarium.msu.edu/lichen.html,,,,,CC0_1_0
331456619,specimen,53777,,"Brodo, Irwin",109,Michigan State University Herbarium,"109,202,642",Michigan State University Herbarium Lichens,1960-06-29T01:00Z,1960,,Imshaugia aleurites (Ach.) S. L. F. Meyer,Imshaugia aleurites,Imshaugia aleurites,,NULL,190691,190691,,40.72968674,-73.58938599,,,,,,county,,36059,Nassau,Nassau County,New York,New York,,,,US,http://herbarium.msu.edu,http://www.herbarium.msu.edu/lichen.html,,,,,CC0_1_0
331456636,specimen,53220,,"Brodo, Irwin",109,Michigan State University Herbarium,"109,202,642",Michigan State University Herbarium Lichens,1960-07-19T01:00Z,1960,,Cladonia caespiticia (Pers.) Flörke,Cladonia caespiticia,Cladonia caespiticia,,NULL,189862,189862,,40.72968674,-73.58938599,,,,,,county,,36059,Nassau,Nassau County,New York,New York,,,,US,http://herbarium.msu.edu,http://www.herbarium.msu.edu/lichen.html,,,,,CC0_1_0
331456640,specimen,61194,,"Brodo, Irwin",109,Michigan State University Herbarium,"109,202,642",Michigan State University Herbarium Lichens,,,,Imshaugia aleurites (Ach.) S. L. F. Meyer,Imshaugia aleurites,Imshaugia aleurites,,NULL,190691,190691,,40.72968674,-73.58938599,,,,,,county,,36059,Nassau,Nassau County,New York,New York,,,,US,http://herbarium.msu.edu,http://www.herbarium.msu.edu/lichen.html,,,,,CC0_1_0
331456759,specimen,51657,,"Brodo, Irwin",109,Michigan State University Herbarium,"109,202,642",Michigan State University Herbarium Lichens,1961-09-18T01:00Z,1961,,Cladonia cristatella Tuck.,Cladonia cristatella,Cladonia cristatella,,NULL,189879,189879,,40.72968674,-73.58938599,,,,,,county,,36059,Nassau,Nassau County,New York,New York,,,,US,http://herbarium.msu.edu,http://www.herbarium.msu.edu/lichen.html,,,,,CC0_1_0
331456779,specimen,55081,,"Brodo, Irwin",109,Michigan State University Herbarium,"109,202,642",Michigan State University Herbarium Lichens,1961-09-18T01:00Z,1961,,Cladonia caroliniana Tuck.,Cladonia caroliniana,Cladonia caroliniana,,NULL,189865,189865,,40.72968674,-73.58938599,,,,,,county,,36059,Nassau,Nassau County,New York,New York,,,,US,http://herbarium.msu.edu,http://www.herbarium.msu.edu/lichen.html,,,,,CC0_1_0
331456803,specimen,43970,,"Brodo, Irwin",109,Michigan State University Herbarium,"109,202,642",Michigan State University Herbarium Lichens,1960-07-19T01:00Z,1960,,Cladonia cristatella Tuck.,Cladonia cristatella,Cladonia cristatella,,NULL,189879,189879,,40.72968674,-73.58938599,,,,,,county,,36059,Nassau,Nassau County,New York,New York,,,,US,http://herbarium.msu.edu,http://www.herbarium.msu.edu/lichen.html,,,,,CC0_1_0
331457087,specimen,57773,,"Brodo, Irwin",109,Michigan State University Herbarium,"109,202,642",Michigan State University Herbarium Lichens,,,,Hypocenomyce scalaris (Ach.) M.Choisy,Hypocenomyce scalaris,Hypocenomyce scalaris,,NULL,190302,190302,,40.72968674,-73.58938599,,,,,,county,,36059,Nassau,Nassau County,New York,New York,,,,US,http://herbarium.msu.edu,http://www.herbarium.msu.edu/lichen.html,,,,,CC0_1_0
331457097,specimen,,28309,R. Latham,220,"National Museum of Natural History, Smithsonian Institution","220,202,612",NMNH Extant Specimen and Observation Records,1949-02-09T01:00Z,1949,,Collema nigrescens (Huds.) DC.,Collema nigrescens,Collema nigrescens,,NULL,191359,191359,,40.72968674,-73.58938599,,,,,,county,,36059,Nassau,Nassau County,New York,New York,,,,US,http://www.nmnh.si.edu/,http://collections.nmnh.si.edu,,,,,CC0_1_0
331457116,specimen,57323,,"Brodo, Irwin",109,Michigan State University Herbarium,"109,202,642",Michigan State University Herbarium Lichens,1961-09-18T01:00Z,1961,,Cladonia strepsilis (Ach.) Grognot,Cladonia strepsilis,Cladonia strepsilis,,NULL,189971,189971,,40.72968674,-73.58938599,,,,,,,,36059,Nassau,Nassau County,New York,New York,,,,US,http://herbarium.msu.edu,http://www.herbarium.msu.edu/lichen.html,,,,,CC0_1_0
331457212,specimen,64833,,"Brodo, Irwin",109,Michigan State University Herbarium,"109,202,642",Michigan State University Herbarium Lichens,1960-06-28T01:00Z,1960,,Parmelia sulcata Taylor,Parmelia sulcata,Parmelia sulcata,,NULL,14011,14011,,40.72968674,-73.58938599,,,,,,county,,36059,Nassau,Nassau County,New York,New York,,,,US,http://herbarium.msu.edu,http://www.herbarium.msu.edu/lichen.html,,,,,CC0_1_0
331457436,specimen,66264,,"Brodo, Irwin",109,Michigan State University Herbarium,"109,202,642",Michigan State University Herbarium Lichens,1960-07-19T01:00Z,1960,,Parmelia sulcata Taylor,Parmelia sulcata,Parmelia sulcata,,NULL,14011,14011,,40.72968674,-73.58938599,,,,,,county,,36059,Nassau,Nassau County,New York,New York,,,,US,http://herbarium.msu.edu,http://www.herbarium.msu.edu/lichen.html,,,,,CC0_1_0
331457449,specimen,49824,,"Brodo, Irwin",109,Michigan State University Herbarium,"109,202,642",Michigan State University Herbarium Lichens,1960-07-24T01:00Z,1960,,Cladonia parasitica (Hoffm.) Hoffm.,Cladonia parasitica,Cladonia parasitica,,NULL,189938,189938,,40.72968674,-73.58938599,,,,,,county,,36059,Nassau,Nassau County,New York,New York,,,,US,http://herbarium.msu.edu,http://www.herbarium.msu.edu/lichen.html,,,,,CC0_1_0
331457485,specimen,49823,,"Brodo, Irwin",109,Michigan State University Herbarium,"109,202,642",Michigan State University Herbarium Lichens,1960-07-24T01:00Z,1960,,Cladonia parasitica (Hoffm.) Hoffm.,Cladonia parasitica,Cladonia parasitica,,NULL,189938,189938,,40.72968674,-73.58938599,,,,,,county,,36059,Nassau,Nassau County,New York,New York,,,,US,http://herbarium.msu.edu,http://www.herbarium.msu.edu/lichen.html,,,,,CC0_1_0
331457492,specimen,59010,,"Brodo, Irwin",109,Michigan State University Herbarium,"109,202,642",Michigan State University Herbarium Lichens,1962-07-11T01:00Z,1962,,Cladonia cylindrica (A. Evans) A. Evans,Cladonia cylindrica,Cladonia cylindrica,,NULL,189882,189882,,40.72968674,-73.58938599,,,,,,,,36059,Nassau,Nassau County,New York,New York,,,,US,http://herbarium.msu.edu,http://www.herbarium.msu.edu/lichen.html,,,,,CC0_1_0
331457515,specimen,74741,,"Brodo, Irwin",109,Michigan State University Herbarium,"109,202,642",Michigan State University Herbarium Lichens,1960-06-29T01:00Z,1960,,Scoliciosporum chlorococcum (Graewe ex Stenh.) Vezda,Scoliciosporum chlorococcum,Scoliciosporum chlorococcum,,NULL,190530,190530,,40.72968674,-73.58938599,,,,,,,,36059,Nassau,Nassau County,New York,New York,,,,US,http://herbarium.msu.edu,http://www.herbarium.msu.edu/lichen.html,,,,,CC0_1_0
331457601,specimen,58186,,"Brodo, Irwin",109,Michigan State University Herbarium,"109,202,642",Michigan State University Herbarium Lichens,1961-09-18T01:00Z,1961,,Cladonia ramulosa (With.) J. R. Laundon,Cladonia ramulosa,Cladonia ramulosa,,NULL,189957,189957,,40.72968674,-73.58938599,,,,,,,,36059,Nassau,Nassau County,New York,New York,,,,US,http://herbarium.msu.edu,http://www.herbarium.msu.edu/lichen.html,,,,,CC0_1_0
331457657,specimen,59011,,"Brodo, Irwin",109,Michigan State University Herbarium,"109,202,642",Michigan State University Herbarium Lichens,1960-07-19T01:00Z,1960,,Cladonia cylindrica (A. Evans) A. Evans,Cladonia cylindrica,Cladonia cylindrica,,NULL,189882,189882,,40.72968674,-73.58938599,,,,,,,,36059,Nassau,Nassau County,New York,New York,,,,US,http://herbarium.msu.edu,http://www.herbarium.msu.edu/lichen.html,,,,,CC0_1_0
331457765,specimen,105893,,"Brodo, Irwin",109,Michigan State University Herbarium,"109,202,642",Michigan State University Herbarium Lichens,1962-07-11T01:00Z,1962,,Lepraria neglecta (Nyl.) Lettau,Lepraria neglecta,Lepraria neglecta,,,192022,192022,,40.72968674,-73.58938599,,,,,,,,36059,Nassau,Nassau County,New York,New York,,,,US,http://herbarium.msu.edu,http://www.herbarium.msu.edu/lichen.html,,,,,CC0_1_0
331457887,specimen,67899,,"Brodo, Irwin",109,Michigan State University Herbarium,"109,202,642",Michigan State University Herbarium Lichens,1960-07-24T01:00Z,1960,,Phaeophyscia orbicularis (Neck.) Moberg,Phaeophyscia orbicularis,Phaeophyscia orbicularis,,NULL,191073,191073,,40.72968674,-73.58938599,,,,,,,,36059,Nassau,Nassau County,New York,New York,,,,US,http://herbarium.msu.edu,http://www.herbarium.msu.edu/lichen.html,,,,,CC0_1_0
331457891,specimen,67900,,"Brodo, Irwin",109,Michigan State University Herbarium,"109,202,642",Michigan State University Herbarium Lichens,1960-07-19T01:00Z,1960,,Phaeophyscia orbicularis (Neck.) Moberg,Phaeophyscia orbicularis,Phaeophyscia orbicularis,,NULL,191073,191073,,40.72968674,-73.58938599,,,,,,,,36059,Nassau,Nassau County,New York,New York,,,,US,http://herbarium.msu.edu,http://www.herbarium.msu.edu/lichen.html,,,,,CC0_1_0
331457895,specimen,67853,,"Brodo, Irwin",109,Michigan State University Herbarium,"109,202,642",Michigan State University Herbarium Lichens,1960-07-24T01:00Z,1960,,Phaeophyscia orbicularis (Neck.) Moberg,Phaeophyscia orbicularis,Phaeophyscia orbicularis,,NULL,191073,191073,,40.72968674,-73.58938599,,,,,,,,36059,Nassau,Nassau County,New York,New York,,,,US,http://herbarium.msu.edu,http://www.herbarium.msu.edu/lichen.html,,,,,CC0_1_0
331457952,specimen,57315,,"Brodo, Irwin",109,Michigan State University Herbarium,"109,202,642",Michigan State University Herbarium Lichens,1962-07-11T01:00Z,1962,,Cladonia strepsilis (Ach.) Grognot,Cladonia strepsilis,Cladonia strepsilis,,NULL,189971,189971,,40.72968674,-73.58938599,,,,,,,,36059,Nassau,Nassau County,New York,New York,,,,US,http://herbarium.msu.edu,http://www.herbarium.msu.edu/lichen.html,,,,,CC0_1_0
331457959,specimen,74739,,"Brodo, Irwin",109,Michigan State University Herbarium,"109,202,642",Michigan State University Herbarium Lichens,1960-06-28T01:00Z,1960,,Scoliciosporum chlorococcum (Graewe ex Stenh.) Vezda,Scoliciosporum chlorococcum,Scoliciosporum chlorococcum,,NULL,190530,190530,,40.72968674,-73.58938599,,,,,,,,36059,Nassau,Nassau County,New York,New York,,,,US,http://herbarium.msu.edu,http://www.herbarium.msu.edu/lichen.html,,,,,CC0_1_0
331457972,specimen,58312,,"Brodo, Irwin",109,Michigan State University Herbarium,"109,202,642",Michigan State University Herbarium Lichens,1960-06-28T01:00Z,1960,,Cladonia strepsilis (Ach.) Grognot,Cladonia strepsilis,Cladonia strepsilis,,NULL,189971,189971,,40.72968674,-73.58938599,,,,,,,,36059,Nassau,Nassau County,New York,New York,,,,US,http://herbarium.msu.edu,http://www.herbarium.msu.edu/lichen.html,,,,,CC0_1_0
331457982,specimen,57320,,"Brodo, Irwin",109,Michigan State University Herbarium,"109,202,642",Michigan State University Herbarium Lichens,1961-07-02T01:00Z,1961,,Cladonia strepsilis (Ach.) Grognot,Cladonia strepsilis,Cladonia strepsilis,,NULL,189971,189971,,40.72968674,-73.58938599,,,,,,,,36059,Nassau,Nassau County,New York,New York,,,,US,http://herbarium.msu.edu,http://www.herbarium.msu.edu/lichen.html,,,,,CC0_1_0
331457988,specimen,75392,,"Brodo, Irwin",109,Michigan State University Herbarium,"109,202,642",Michigan State University Herbarium Lichens,1960-07-19T01:00Z,1960,,Scoliciosporum chlorococcum (Graewe ex Stenh.) Vezda,Scoliciosporum chlorococcum,Scoliciosporum chlorococcum,,NULL,190530,190530,,40.72968674,-73.58938599,,,,,,,,36059,Nassau,Nassau County,New York,New York,,,,US,http://herbarium.msu.edu,http://www.herbarium.msu.edu/lichen.html,,,,,CC0_1_0
331458066,specimen,74740,,"Brodo, Irwin",109,Michigan State University Herbarium,"109,202,642",Michigan State University Herbarium Lichens,1960-06-29T01:00Z,1960,,Scoliciosporum chlorococcum (Graewe ex Stenh.) Vezda,Scoliciosporum chlorococcum,Scoliciosporum chlorococcum,,NULL,190530,190530,,40.72968674,-73.58938599,,,,,,,,36059,Nassau,Nassau County,New York,New York,,,,US,http://herbarium.msu.edu,http://www.herbarium.msu.edu/lichen.html,,,,,CC0_1_0
331462644,specimen,820826,,"Hagelstein, R. L.",5,University of Arkansas,"51,515",Planetary Biodiversity Inventory Eumycetozoan Databank,1933-09-30T01:00Z,1933,,"Clastoderma debaryanum A.Blytt, 1880",Clastoderma debaryanum,Clastoderma debaryanum,,NULL,13784,13784,,40.67869949,-73.58899689,,,,,,,,36059,,Nassau County,New York,New York,,,,US,http://slimemold.uark.edu/,,,,,,CC_BY_4_0
332049390,specimen,749610,,"Hagelstein, R. L.;Rispaud, J.H.",5,University of Arkansas,"51,515",Planetary Biodiversity Inventory Eumycetozoan Databank,1935-06-26T01:00Z,1935,,"Ceratiomyxa fruticulosa (O.F.Müll.) T.Macbr., 1899",Ceratiomyxa fruticulosa,Ceratiomyxa fruticulosa,,NULL,181384,181384,,40.68399811,-73.51100159,,,,,,,,36059,,Nassau County,New York,New York,,,,US,http://slimemold.uark.edu/,,,,,,CC_BY_4_0
331508803,specimen,23883,,R. Hagelstein,5,University of Arkansas,"51,515",Planetary Biodiversity Inventory Eumycetozoan Databank,,,,"Diderma hemisphaericum (Bull.) Hornem., 1829",Diderma hemisphaericum,Diderma hemisphaericum,,NULL,181280,181280,,40.65232849,-73.5803299,,,,,,,,36059,Nassau,Nassau County,Ny,New York,,,,US,http://slimemold.uark.edu/,,,,,,CC_BY_4_0
331007923,specimen,826150,,"Hagelstein, R. L.",5,University of Arkansas,"51,515",Planetary Biodiversity Inventory Eumycetozoan Databank,1935-11-11T01:00Z,1935,,"Licea kleistobolus G.W.Martin, 1942",Licea kleistobolus,Licea kleistobolus,,NULL,181330,181330,,40.72529984,-73.62789917,,,,,,,,36059,New York,Nassau County,New York,New York,,,,US,http://slimemold.uark.edu/,,,,,,CC_BY_4_0
331009236,specimen,LE-45352 / 202642 / 143794,,"Hagelstein,  R.",158,Staatliche Naturwissenschaftliche Sammlungen Bayerns,"1,581,751","The Myxomycetes Collection at the V. L. Komarov Botanical Institute, St. Petersburg",1933-07-31T01:00Z,1933,,"Didymium iridis (Ditmar) Fr., 1829",Didymium iridis,Didymium iridis,,NULL,181283,181283,,40.75999832,-73.62999725,,,,,,,,36059,,Nassau County,,New York,,,,US,http://www.snsb.de,http://www.gbif-mycology.de/DatabaseClients/LEmyxcoll/About.cfm,,,,,CC_BY_NC_4_0
331009303,specimen,LE-45302 / 198659 / 139790,,"Hagelstein,  R.",158,Staatliche Naturwissenschaftliche Sammlungen Bayerns,"1,581,751","The Myxomycetes Collection at the V. L. Komarov Botanical Institute, St. Petersburg",1935-06-29T01:00Z,1935,,"Arcyria cinerea (Bull.) Pers., 1801",Arcyria cinerea,Arcyria cinerea,,NULL,181367,181367,,40.75999832,-73.62999725,,,,,,,,36059,,Nassau County,,New York,,,,US,http://www.snsb.de,http://www.gbif-mycology.de/DatabaseClients/LEmyxcoll/About.cfm,,,,,CC_BY_NC_4_0
331012528,specimen,23775,,R. Hagelstein,5,University of Arkansas,"51,515",Planetary Biodiversity Inventory Eumycetozoan Databank,1935-06-29T01:00Z,1935,,"Arcyria cinerea (Bull.) Pers., 1801",Arcyria cinerea,Arcyria cinerea,,NULL,181367,181367,,40.76750183,-73.62866974,,,,,,,,36059,Nassau,Nassau County,Ny,New York,,,,US,http://slimemold.uark.edu/,,,,,,CC_BY_4_0
331014221,specimen,825174,,"Hagelstein,& Rispaud",5,University of Arkansas,"51,515",Planetary Biodiversity Inventory Eumycetozoan Databank,1942-08-30T02:00Z,1942,,"Stemonitis splendens var. flaccida Lister, 1894",Stemonitis splendens flaccida,Symphytocarpus flaccidus,,NULL,181325,181324,,40.72529984,-73.62789917,,,,,,,,36059,Nassau,Nassau County,New York,New York,,,,US,http://slimemold.uark.edu/,,,,,,CC_BY_4_0
331014396,specimen,825178,,"Hagelstein, R. L.",5,University of Arkansas,"51,515",Planetary Biodiversity Inventory Eumycetozoan Databank,1942-08-30T02:00Z,1942,,"Stemonitis splendens var. flaccida Lister, 1894",Stemonitis splendens flaccida,Symphytocarpus flaccidus,,NULL,181325,181324,,40.72529984,-73.62789917,,,,,,,,36059,,Nassau County,New York,New York,,,,US,http://slimemold.uark.edu/,,,,,,CC_BY_4_0
331017329,specimen,818951,,Hagelstein; Rispaud,5,University of Arkansas,"51,515",Planetary Biodiversity Inventory Eumycetozoan Databank,1942-08-30T02:00Z,1942,,"Mucilago crustacea F.H.Wigg., 1780",Mucilago crustacea,Mucilago crustacea,,NULL,181298,181298,,40.72529984,-73.62789917,,,,,,,,36059,,Nassau County,New York,New York,,,,US,http://slimemold.uark.edu/,,,,,,CC_BY_4_0
331017463,specimen,823581,,Hagelstein & Rispaud,5,University of Arkansas,"51,515",Planetary Biodiversity Inventory Eumycetozoan Databank,1935-10-02T01:00Z,1935,,"Stemonitis Gled., 1753",Stemonitis,Stemonitis,,NULL,181320,181320,,40.72529984,-73.62789917,,,,,,,,36059,Nassau,Nassau County,New York,New York,,,,US,http://slimemold.uark.edu/,,,,,,CC_BY_4_0
331017464,specimen,743163,,"Hagelstein, R.; Rispaud, J. H.",5,University of Arkansas,"51,515",Planetary Biodiversity Inventory Eumycetozoan Databank,1942-08-30T02:00Z,1942,,"Badhamia affinis Rostaf., 1874",Badhamia affinis,Badhamia affinis,,NULL,181245,181245,,40.72529984,-73.62789917,,,,,,,,36059,Nassau,Nassau County,New York,New York,,,,US,http://slimemold.uark.edu/,,,,,,CC_BY_4_0
331720470,specimen,816283,,"Hagelstein, R. L.",5,University of Arkansas,"51,515",Planetary Biodiversity Inventory Eumycetozoan Databank,1923-09-09T01:00Z,1923,,"Didymium iridis (Ditmar) Fr., 1829",Didymium iridis,Didymium iridis,,NULL,181283,181283,,40.88700104,-73.55509949,,,,,,,,36059,New York,Nassau County,New York,New York,,,,US,http://slimemold.uark.edu/,,,,,,CC_BY_4_0
331736908,specimen,40431,,R. Hagelstein,5,University of Arkansas,"51,515",Planetary Biodiversity Inventory Eumycetozoan Databank,,,,"Lycogala epidendrum (L.) Fr., 1829",Lycogala epidendrum,Lycogala epidendrum,,NULL,181340,181340,,40.88499832,-73.55732727,,,,,,,,36059,Nassau,Nassau County,Ny,New York,,,,US,http://slimemold.uark.edu/,,,,,,CC_BY_4_0
331737966,specimen,817662,,"Hagelstein, R. L.",5,University of Arkansas,"51,515",Planetary Biodiversity Inventory Eumycetozoan Databank,1923-09-16T01:00Z,1923,,"Didymium squamulosum (Alb. & Schwein.) Fr. & Palmquist, 1818",Didymium squamulosum,Didymium squamulosum,,NULL,181285,181285,,40.88700104,-73.55509949,,,,,,,,36059,Long Island,Nassau County,New York,New York,,,,US,http://slimemold.uark.edu/,,,,,,CC_BY_4_0
330783080,specimen,834064,,"Hagelstein, R. L.",5,University of Arkansas,"51,515",Planetary Biodiversity Inventory Eumycetozoan Databank,1935-11-10T01:00Z,1935,,"Lycogala epidendrum (L.) Fr., 1829",Lycogala epidendrum,Lycogala epidendrum,,NULL,181340,181340,,40.77500153,-73.65599823,,,,,,,,36059,Nassau,Nassau County,New York,New York,,,,US,http://slimemold.uark.edu/,,,,,,CC_BY_4_0
330784147,specimen,834578,,Hagelstein,5,University of Arkansas,"51,515",Planetary Biodiversity Inventory Eumycetozoan Databank,1935-11-10T01:00Z,1935,,"Lycogala epidendrum (L.) Fr., 1829",Lycogala epidendrum,Lycogala epidendrum,,NULL,181340,181340,,40.77479935,-73.65570068,,,,,,,,36059,Nassau,Nassau County,New York,New York,,,,US,http://slimemold.uark.edu/,,,,,,CC_BY_4_0
330784161,specimen,804271,,"Hagelstein, R. L.",5,University of Arkansas,"51,515",Planetary Biodiversity Inventory Eumycetozoan Databank,1928-08-29T01:00Z,1928,,"Physarum bivalve Pers., 1795",Physarum bivalve,Physarum bivalve,,NULL,181261,181261,,40.77479935,-73.65570068,,,,,,,,36059,,Nassau County,New York,New York,,,,US,http://slimemold.uark.edu/,,,,,,CC_BY_4_0
330784362,specimen,827022,,Hagelstein & Rispaud,5,University of Arkansas,"51,515",Planetary Biodiversity Inventory Eumycetozoan Databank,1937-07-22T01:00Z,1937,,"Tubifera ferruginosa (Batsch) J.F.Gmel., 1792",Tubifera ferruginosa,Tubifera ferruginosa,,NULL,181344,181344,,40.77479935,-73.65570068,,,,,,,,36059,,Nassau County,New York,New York,,,,US,http://slimemold.uark.edu/,,,,,,CC_BY_4_0